jsonkey_identifier	rdfs:type	schema:name	schema:description	dcterms:creator	schema:image	schema:geo
TX_MAJ_1	https://opengeospatial.github.io/ELFIE/floodcast/TransportationAssets	1127277_LOCAL STREETS	This is route ID 1127277 with Monitor status	Floodcast_Dewberry	"http://54.225.76.222/geoserver/Dewberry/wms?service=WMS&version=1.1.0&request=GetMap&layers=Dewberry:ELFIE_MAJOR_TX_RDS&styles=&bbox=-1.06283664329E7,3472306.523599997,-1.0626203496E7,3474471.4833000004&width=767&height=768&srs=EPSG:3857&format=image%2Fjpeg"	NA
TX_MAJ_2	https://opengeospatial.github.io/ELFIE/floodcast/TransportationAssets	1127277_LOCAL STREETS	This is route ID 1127277 with Monitor status	Floodcast_Dewberry	"http://54.225.76.222/geoserver/Dewberry/wms?service=WMS&version=1.1.0&request=GetMap&layers=Dewberry:ELFIE_MAJOR_TX_RDS&styles=&bbox=-1.06283664329E7,3472306.523599997,-1.0626203496E7,3474471.4833000004&width=767&height=768&srs=EPSG:3857&format=image%2Fjpeg"	NA
TX_MAJ_3	https://opengeospatial.github.io/ELFIE/floodcast/TransportationAssets	1131215_LOCAL STREETS	This is route ID 1131215 with Monitor status	Floodcast_Dewberry	"http://54.225.76.222/geoserver/Dewberry/wms?service=WMS&version=1.1.0&request=GetMap&layers=Dewberry:ELFIE_MAJOR_TX_RDS&styles=&bbox=-1.06283664329E7,3472306.523599997,-1.0626203496E7,3474471.4833000004&width=767&height=768&srs=EPSG:3857&format=image%2Fjpeg"	NA
TX_MAJ_4	https://opengeospatial.github.io/ELFIE/floodcast/TransportationAssets	1130896_LOCAL STREETS	This is route ID 1130896 with Monitor status	Floodcast_Dewberry	"http://54.225.76.222/geoserver/Dewberry/wms?service=WMS&version=1.1.0&request=GetMap&layers=Dewberry:ELFIE_MAJOR_TX_RDS&styles=&bbox=-1.06283664329E7,3472306.523599997,-1.0626203496E7,3474471.4833000004&width=767&height=768&srs=EPSG:3857&format=image%2Fjpeg"	NA
TX_MAJ_5	https://opengeospatial.github.io/ELFIE/floodcast/TransportationAssets	1128329_LOCAL STREETS	This is route ID 1128329 with Monitor status	Floodcast_Dewberry	"http://54.225.76.222/geoserver/Dewberry/wms?service=WMS&version=1.1.0&request=GetMap&layers=Dewberry:ELFIE_MAJOR_TX_RDS&styles=&bbox=-1.06283664329E7,3472306.523599997,-1.0626203496E7,3474471.4833000004&width=767&height=768&srs=EPSG:3857&format=image%2Fjpeg"	NA
TX_MAJ_6	https://opengeospatial.github.io/ELFIE/floodcast/TransportationAssets	1261166_LOCAL STREETS	This is route ID 1261166 with Monitor status	Floodcast_Dewberry	"http://54.225.76.222/geoserver/Dewberry/wms?service=WMS&version=1.1.0&request=GetMap&layers=Dewberry:ELFIE_MAJOR_TX_RDS&styles=&bbox=-1.06283664329E7,3472306.523599997,-1.0626203496E7,3474471.4833000004&width=767&height=768&srs=EPSG:3857&format=image%2Fjpeg"	NA
TX_MAJ_7	https://opengeospatial.github.io/ELFIE/floodcast/TransportationAssets	1129318_LOCAL STREETS	This is route ID 1129318 with Monitor status	Floodcast_Dewberry	"http://54.225.76.222/geoserver/Dewberry/wms?service=WMS&version=1.1.0&request=GetMap&layers=Dewberry:ELFIE_MAJOR_TX_RDS&styles=&bbox=-1.06283664329E7,3472306.523599997,-1.0626203496E7,3474471.4833000004&width=767&height=768&srs=EPSG:3857&format=image%2Fjpeg"	NA
TX_MAJ_8	https://opengeospatial.github.io/ELFIE/floodcast/TransportationAssets	1128334_LOCAL STREETS	This is route ID 1128334 with Monitor status	Floodcast_Dewberry	"http://54.225.76.222/geoserver/Dewberry/wms?service=WMS&version=1.1.0&request=GetMap&layers=Dewberry:ELFIE_MAJOR_TX_RDS&styles=&bbox=-1.06283664329E7,3472306.523599997,-1.0626203496E7,3474471.4833000004&width=767&height=768&srs=EPSG:3857&format=image%2Fjpeg"	NA
TX_MAJ_9	https://opengeospatial.github.io/ELFIE/floodcast/TransportationAssets	1261222_LOCAL STREETS	This is route ID 1261222 with Monitor status	Floodcast_Dewberry	"http://54.225.76.222/geoserver/Dewberry/wms?service=WMS&version=1.1.0&request=GetMap&layers=Dewberry:ELFIE_MAJOR_TX_RDS&styles=&bbox=-1.06283664329E7,3472306.523599997,-1.0626203496E7,3474471.4833000004&width=767&height=768&srs=EPSG:3857&format=image%2Fjpeg"	NA
TX_MAJ_10	https://opengeospatial.github.io/ELFIE/floodcast/TransportationAssets	1128902_LOCAL STREETS	This is route ID 1128902 with Monitor status	Floodcast_Dewberry	"http://54.225.76.222/geoserver/Dewberry/wms?service=WMS&version=1.1.0&request=GetMap&layers=Dewberry:ELFIE_MAJOR_TX_RDS&styles=&bbox=-1.06283664329E7,3472306.523599997,-1.0626203496E7,3474471.4833000004&width=767&height=768&srs=EPSG:3857&format=image%2Fjpeg"	NA
TX_MAJ_11	https://opengeospatial.github.io/ELFIE/floodcast/TransportationAssets	1129318_LOCAL STREETS	This is route ID 1129318 with Monitor status	Floodcast_Dewberry	"http://54.225.76.222/geoserver/Dewberry/wms?service=WMS&version=1.1.0&request=GetMap&layers=Dewberry:ELFIE_MAJOR_TX_RDS&styles=&bbox=-1.06283664329E7,3472306.523599997,-1.0626203496E7,3474471.4833000004&width=767&height=768&srs=EPSG:3857&format=image%2Fjpeg"	NA
TX_MAJ_12	https://opengeospatial.github.io/ELFIE/floodcast/TransportationAssets	1128208_LOCAL STREETS	This is route ID 1128208 with Monitor status	Floodcast_Dewberry	"http://54.225.76.222/geoserver/Dewberry/wms?service=WMS&version=1.1.0&request=GetMap&layers=Dewberry:ELFIE_MAJOR_TX_RDS&styles=&bbox=-1.06283664329E7,3472306.523599997,-1.0626203496E7,3474471.4833000004&width=767&height=768&srs=EPSG:3857&format=image%2Fjpeg"	NA
TX_MAJ_13	https://opengeospatial.github.io/ELFIE/floodcast/TransportationAssets	257397_FUNCTIONALLY CLASSIFIED CITY STREETS	This is route ID 257397 with Monitor status	Floodcast_Dewberry	"http://54.225.76.222/geoserver/Dewberry/wms?service=WMS&version=1.1.0&request=GetMap&layers=Dewberry:ELFIE_MAJOR_TX_RDS&styles=&bbox=-1.06283664329E7,3472306.523599997,-1.0626203496E7,3474471.4833000004&width=767&height=768&srs=EPSG:3857&format=image%2Fjpeg"	NA
TX_MAJ_14	https://opengeospatial.github.io/ELFIE/floodcast/TransportationAssets	1128208_LOCAL STREETS	This is route ID 1128208 with Monitor status	Floodcast_Dewberry	"http://54.225.76.222/geoserver/Dewberry/wms?service=WMS&version=1.1.0&request=GetMap&layers=Dewberry:ELFIE_MAJOR_TX_RDS&styles=&bbox=-1.06283664329E7,3472306.523599997,-1.0626203496E7,3474471.4833000004&width=767&height=768&srs=EPSG:3857&format=image%2Fjpeg"	NA
TX_MAJ_15	https://opengeospatial.github.io/ELFIE/floodcast/TransportationAssets	1128330_LOCAL STREETS	This is route ID 1128330 with Monitor status	Floodcast_Dewberry	"http://54.225.76.222/geoserver/Dewberry/wms?service=WMS&version=1.1.0&request=GetMap&layers=Dewberry:ELFIE_MAJOR_TX_RDS&styles=&bbox=-1.06283664329E7,3472306.523599997,-1.0626203496E7,3474471.4833000004&width=767&height=768&srs=EPSG:3857&format=image%2Fjpeg"	NA
TX_MAJ_16	https://opengeospatial.github.io/ELFIE/floodcast/TransportationAssets	1128208_LOCAL STREETS	This is route ID 1128208 with Monitor status	Floodcast_Dewberry	"http://54.225.76.222/geoserver/Dewberry/wms?service=WMS&version=1.1.0&request=GetMap&layers=Dewberry:ELFIE_MAJOR_TX_RDS&styles=&bbox=-1.06283664329E7,3472306.523599997,-1.0626203496E7,3474471.4833000004&width=767&height=768&srs=EPSG:3857&format=image%2Fjpeg"	NA
TX_MAJ_17	https://opengeospatial.github.io/ELFIE/floodcast/TransportationAssets	1128207_LOCAL STREETS	This is route ID 1128207 with Monitor status	Floodcast_Dewberry	"http://54.225.76.222/geoserver/Dewberry/wms?service=WMS&version=1.1.0&request=GetMap&layers=Dewberry:ELFIE_MAJOR_TX_RDS&styles=&bbox=-1.06283664329E7,3472306.523599997,-1.0626203496E7,3474471.4833000004&width=767&height=768&srs=EPSG:3857&format=image%2Fjpeg"	NA
TX_MAJ_18	https://opengeospatial.github.io/ELFIE/floodcast/TransportationAssets	1128327_LOCAL STREETS	This is route ID 1128327 with Monitor status	Floodcast_Dewberry	"http://54.225.76.222/geoserver/Dewberry/wms?service=WMS&version=1.1.0&request=GetMap&layers=Dewberry:ELFIE_MAJOR_TX_RDS&styles=&bbox=-1.06283664329E7,3472306.523599997,-1.0626203496E7,3474471.4833000004&width=767&height=768&srs=EPSG:3857&format=image%2Fjpeg"	NA
TX_MAJ_19	https://opengeospatial.github.io/ELFIE/floodcast/TransportationAssets	1128148_LOCAL STREETS	This is route ID 1128148 with Monitor status	Floodcast_Dewberry	"http://54.225.76.222/geoserver/Dewberry/wms?service=WMS&version=1.1.0&request=GetMap&layers=Dewberry:ELFIE_MAJOR_TX_RDS&styles=&bbox=-1.06283664329E7,3472306.523599997,-1.0626203496E7,3474471.4833000004&width=767&height=768&srs=EPSG:3857&format=image%2Fjpeg"	NA
TX_MAJ_20	https://opengeospatial.github.io/ELFIE/floodcast/TransportationAssets	1128206_LOCAL STREETS	This is route ID 1128206 with Monitor status	Floodcast_Dewberry	"http://54.225.76.222/geoserver/Dewberry/wms?service=WMS&version=1.1.0&request=GetMap&layers=Dewberry:ELFIE_MAJOR_TX_RDS&styles=&bbox=-1.06283664329E7,3472306.523599997,-1.0626203496E7,3474471.4833000004&width=767&height=768&srs=EPSG:3857&format=image%2Fjpeg"	NA
TX_MAJ_21	https://opengeospatial.github.io/ELFIE/floodcast/TransportationAssets	1128208_LOCAL STREETS	This is route ID 1128208 with Monitor status	Floodcast_Dewberry	"http://54.225.76.222/geoserver/Dewberry/wms?service=WMS&version=1.1.0&request=GetMap&layers=Dewberry:ELFIE_MAJOR_TX_RDS&styles=&bbox=-1.06283664329E7,3472306.523599997,-1.0626203496E7,3474471.4833000004&width=767&height=768&srs=EPSG:3857&format=image%2Fjpeg"	NA
TX_MAJ_22	https://opengeospatial.github.io/ELFIE/floodcast/TransportationAssets	1128208_LOCAL STREETS	This is route ID 1128208 with Monitor status	Floodcast_Dewberry	"http://54.225.76.222/geoserver/Dewberry/wms?service=WMS&version=1.1.0&request=GetMap&layers=Dewberry:ELFIE_MAJOR_TX_RDS&styles=&bbox=-1.06283664329E7,3472306.523599997,-1.0626203496E7,3474471.4833000004&width=767&height=768&srs=EPSG:3857&format=image%2Fjpeg"	NA
TX_MAJ_23	https://opengeospatial.github.io/ELFIE/floodcast/TransportationAssets	1129383_LOCAL STREETS	This is route ID 1129383 with Monitor status	Floodcast_Dewberry	"http://54.225.76.222/geoserver/Dewberry/wms?service=WMS&version=1.1.0&request=GetMap&layers=Dewberry:ELFIE_MAJOR_TX_RDS&styles=&bbox=-1.06283664329E7,3472306.523599997,-1.0626203496E7,3474471.4833000004&width=767&height=768&srs=EPSG:3857&format=image%2Fjpeg"	NA
TX_MAJ_24	https://opengeospatial.github.io/ELFIE/floodcast/TransportationAssets	1120236_LOCAL STREETS	This is route ID 1120236 with Monitor status	Floodcast_Dewberry	"http://54.225.76.222/geoserver/Dewberry/wms?service=WMS&version=1.1.0&request=GetMap&layers=Dewberry:ELFIE_MAJOR_TX_RDS&styles=&bbox=-1.06283664329E7,3472306.523599997,-1.0626203496E7,3474471.4833000004&width=767&height=768&srs=EPSG:3857&format=image%2Fjpeg"	NA
TX_MAJ_25	https://opengeospatial.github.io/ELFIE/floodcast/TransportationAssets	1129383_LOCAL STREETS	This is route ID 1129383 with Monitor status	Floodcast_Dewberry	"http://54.225.76.222/geoserver/Dewberry/wms?service=WMS&version=1.1.0&request=GetMap&layers=Dewberry:ELFIE_MAJOR_TX_RDS&styles=&bbox=-1.06283664329E7,3472306.523599997,-1.0626203496E7,3474471.4833000004&width=767&height=768&srs=EPSG:3857&format=image%2Fjpeg"	NA
TX_MAJ_26	https://opengeospatial.github.io/ELFIE/floodcast/TransportationAssets	1129383_LOCAL STREETS	This is route ID 1129383 with Monitor status	Floodcast_Dewberry	"http://54.225.76.222/geoserver/Dewberry/wms?service=WMS&version=1.1.0&request=GetMap&layers=Dewberry:ELFIE_MAJOR_TX_RDS&styles=&bbox=-1.06283664329E7,3472306.523599997,-1.0626203496E7,3474471.4833000004&width=767&height=768&srs=EPSG:3857&format=image%2Fjpeg"	NA
TX_MAJ_27	https://opengeospatial.github.io/ELFIE/floodcast/TransportationAssets	1129786_LOCAL STREETS	This is route ID 1129786 with Monitor status	Floodcast_Dewberry	"http://54.225.76.222/geoserver/Dewberry/wms?service=WMS&version=1.1.0&request=GetMap&layers=Dewberry:ELFIE_MAJOR_TX_RDS&styles=&bbox=-1.06283664329E7,3472306.523599997,-1.0626203496E7,3474471.4833000004&width=767&height=768&srs=EPSG:3857&format=image%2Fjpeg"	NA
TX_MAJ_28	https://opengeospatial.github.io/ELFIE/floodcast/TransportationAssets	1120851_LOCAL STREETS	This is route ID 1120851 with Monitor status	Floodcast_Dewberry	"http://54.225.76.222/geoserver/Dewberry/wms?service=WMS&version=1.1.0&request=GetMap&layers=Dewberry:ELFIE_MAJOR_TX_RDS&styles=&bbox=-1.06283664329E7,3472306.523599997,-1.0626203496E7,3474471.4833000004&width=767&height=768&srs=EPSG:3857&format=image%2Fjpeg"	NA
TX_MAJ_29	https://opengeospatial.github.io/ELFIE/floodcast/TransportationAssets	1120851_LOCAL STREETS	This is route ID 1120851 with Monitor status	Floodcast_Dewberry	"http://54.225.76.222/geoserver/Dewberry/wms?service=WMS&version=1.1.0&request=GetMap&layers=Dewberry:ELFIE_MAJOR_TX_RDS&styles=&bbox=-1.06283664329E7,3472306.523599997,-1.0626203496E7,3474471.4833000004&width=767&height=768&srs=EPSG:3857&format=image%2Fjpeg"	NA
TX_MAJ_30	https://opengeospatial.github.io/ELFIE/floodcast/TransportationAssets	1120851_LOCAL STREETS	This is route ID 1120851 with Monitor status	Floodcast_Dewberry	"http://54.225.76.222/geoserver/Dewberry/wms?service=WMS&version=1.1.0&request=GetMap&layers=Dewberry:ELFIE_MAJOR_TX_RDS&styles=&bbox=-1.06283664329E7,3472306.523599997,-1.0626203496E7,3474471.4833000004&width=767&height=768&srs=EPSG:3857&format=image%2Fjpeg"	NA
TX_MAJ_31	https://opengeospatial.github.io/ELFIE/floodcast/TransportationAssets	1124881_LOCAL STREETS	This is route ID 1124881 with Monitor status	Floodcast_Dewberry	"http://54.225.76.222/geoserver/Dewberry/wms?service=WMS&version=1.1.0&request=GetMap&layers=Dewberry:ELFIE_MAJOR_TX_RDS&styles=&bbox=-1.06283664329E7,3472306.523599997,-1.0626203496E7,3474471.4833000004&width=767&height=768&srs=EPSG:3857&format=image%2Fjpeg"	NA
TX_MAJ_32	https://opengeospatial.github.io/ELFIE/floodcast/TransportationAssets	1128169_LOCAL STREETS	This is route ID 1128169 with Monitor status	Floodcast_Dewberry	"http://54.225.76.222/geoserver/Dewberry/wms?service=WMS&version=1.1.0&request=GetMap&layers=Dewberry:ELFIE_MAJOR_TX_RDS&styles=&bbox=-1.06283664329E7,3472306.523599997,-1.0626203496E7,3474471.4833000004&width=767&height=768&srs=EPSG:3857&format=image%2Fjpeg"	NA
TX_MAJ_33	https://opengeospatial.github.io/ELFIE/floodcast/TransportationAssets	1120851_LOCAL STREETS	This is route ID 1120851 with Monitor status	Floodcast_Dewberry	"http://54.225.76.222/geoserver/Dewberry/wms?service=WMS&version=1.1.0&request=GetMap&layers=Dewberry:ELFIE_MAJOR_TX_RDS&styles=&bbox=-1.06283664329E7,3472306.523599997,-1.0626203496E7,3474471.4833000004&width=767&height=768&srs=EPSG:3857&format=image%2Fjpeg"	NA
TX_MAJ_34	https://opengeospatial.github.io/ELFIE/floodcast/TransportationAssets	1120851_LOCAL STREETS	This is route ID 1120851 with Monitor status	Floodcast_Dewberry	"http://54.225.76.222/geoserver/Dewberry/wms?service=WMS&version=1.1.0&request=GetMap&layers=Dewberry:ELFIE_MAJOR_TX_RDS&styles=&bbox=-1.06283664329E7,3472306.523599997,-1.0626203496E7,3474471.4833000004&width=767&height=768&srs=EPSG:3857&format=image%2Fjpeg"	NA
TX_MAJ_35	https://opengeospatial.github.io/ELFIE/floodcast/TransportationAssets	1120862_LOCAL STREETS	This is route ID 1120862 with Monitor status	Floodcast_Dewberry	"http://54.225.76.222/geoserver/Dewberry/wms?service=WMS&version=1.1.0&request=GetMap&layers=Dewberry:ELFIE_MAJOR_TX_RDS&styles=&bbox=-1.06283664329E7,3472306.523599997,-1.0626203496E7,3474471.4833000004&width=767&height=768&srs=EPSG:3857&format=image%2Fjpeg"	NA
TX_MAJ_36	https://opengeospatial.github.io/ELFIE/floodcast/TransportationAssets	1120851_LOCAL STREETS	This is route ID 1120851 with Monitor status	Floodcast_Dewberry	"http://54.225.76.222/geoserver/Dewberry/wms?service=WMS&version=1.1.0&request=GetMap&layers=Dewberry:ELFIE_MAJOR_TX_RDS&styles=&bbox=-1.06283664329E7,3472306.523599997,-1.0626203496E7,3474471.4833000004&width=767&height=768&srs=EPSG:3857&format=image%2Fjpeg"	NA
TX_MAJ_37	https://opengeospatial.github.io/ELFIE/floodcast/TransportationAssets	1124407_LOCAL STREETS	This is route ID 1124407 with Monitor status	Floodcast_Dewberry	"http://54.225.76.222/geoserver/Dewberry/wms?service=WMS&version=1.1.0&request=GetMap&layers=Dewberry:ELFIE_MAJOR_TX_RDS&styles=&bbox=-1.06283664329E7,3472306.523599997,-1.0626203496E7,3474471.4833000004&width=767&height=768&srs=EPSG:3857&format=image%2Fjpeg"	NA
TX_MAJ_38	https://opengeospatial.github.io/ELFIE/floodcast/TransportationAssets	1120851_LOCAL STREETS	This is route ID 1120851 with Monitor status	Floodcast_Dewberry	"http://54.225.76.222/geoserver/Dewberry/wms?service=WMS&version=1.1.0&request=GetMap&layers=Dewberry:ELFIE_MAJOR_TX_RDS&styles=&bbox=-1.06283664329E7,3472306.523599997,-1.0626203496E7,3474471.4833000004&width=767&height=768&srs=EPSG:3857&format=image%2Fjpeg"	NA
TX_MAJ_39	https://opengeospatial.github.io/ELFIE/floodcast/TransportationAssets	1124407_LOCAL STREETS	This is route ID 1124407 with Monitor status	Floodcast_Dewberry	"http://54.225.76.222/geoserver/Dewberry/wms?service=WMS&version=1.1.0&request=GetMap&layers=Dewberry:ELFIE_MAJOR_TX_RDS&styles=&bbox=-1.06283664329E7,3472306.523599997,-1.0626203496E7,3474471.4833000004&width=767&height=768&srs=EPSG:3857&format=image%2Fjpeg"	NA
TX_MAJ_40	https://opengeospatial.github.io/ELFIE/floodcast/TransportationAssets	1122772_LOCAL STREETS	This is route ID 1122772 with Monitor status	Floodcast_Dewberry	"http://54.225.76.222/geoserver/Dewberry/wms?service=WMS&version=1.1.0&request=GetMap&layers=Dewberry:ELFIE_MAJOR_TX_RDS&styles=&bbox=-1.06283664329E7,3472306.523599997,-1.0626203496E7,3474471.4833000004&width=767&height=768&srs=EPSG:3857&format=image%2Fjpeg"	NA
TX_MAJ_41	https://opengeospatial.github.io/ELFIE/floodcast/TransportationAssets	1120851_LOCAL STREETS	This is route ID 1120851 with Monitor status	Floodcast_Dewberry	"http://54.225.76.222/geoserver/Dewberry/wms?service=WMS&version=1.1.0&request=GetMap&layers=Dewberry:ELFIE_MAJOR_TX_RDS&styles=&bbox=-1.06283664329E7,3472306.523599997,-1.0626203496E7,3474471.4833000004&width=767&height=768&srs=EPSG:3857&format=image%2Fjpeg"	NA
TX_MAJ_42	https://opengeospatial.github.io/ELFIE/floodcast/TransportationAssets	1120874_LOCAL STREETS	This is route ID 1120874 with Monitor status	Floodcast_Dewberry	"http://54.225.76.222/geoserver/Dewberry/wms?service=WMS&version=1.1.0&request=GetMap&layers=Dewberry:ELFIE_MAJOR_TX_RDS&styles=&bbox=-1.06283664329E7,3472306.523599997,-1.0626203496E7,3474471.4833000004&width=767&height=768&srs=EPSG:3857&format=image%2Fjpeg"	NA
TX_MAJ_43	https://opengeospatial.github.io/ELFIE/floodcast/TransportationAssets	1120851_LOCAL STREETS	This is route ID 1120851 with Monitor status	Floodcast_Dewberry	"http://54.225.76.222/geoserver/Dewberry/wms?service=WMS&version=1.1.0&request=GetMap&layers=Dewberry:ELFIE_MAJOR_TX_RDS&styles=&bbox=-1.06283664329E7,3472306.523599997,-1.0626203496E7,3474471.4833000004&width=767&height=768&srs=EPSG:3857&format=image%2Fjpeg"	NA
TX_MAJ_44	https://opengeospatial.github.io/ELFIE/floodcast/TransportationAssets	1128326_LOCAL STREETS	This is route ID 1128326 with Monitor status	Floodcast_Dewberry	"http://54.225.76.222/geoserver/Dewberry/wms?service=WMS&version=1.1.0&request=GetMap&layers=Dewberry:ELFIE_MAJOR_TX_RDS&styles=&bbox=-1.06283664329E7,3472306.523599997,-1.0626203496E7,3474471.4833000004&width=767&height=768&srs=EPSG:3857&format=image%2Fjpeg"	NA
TX_MAJ_45	https://opengeospatial.github.io/ELFIE/floodcast/TransportationAssets	1128138_LOCAL STREETS	This is route ID 1128138 with Monitor status	Floodcast_Dewberry	"http://54.225.76.222/geoserver/Dewberry/wms?service=WMS&version=1.1.0&request=GetMap&layers=Dewberry:ELFIE_MAJOR_TX_RDS&styles=&bbox=-1.06283664329E7,3472306.523599997,-1.0626203496E7,3474471.4833000004&width=767&height=768&srs=EPSG:3857&format=image%2Fjpeg"	NA
TX_MAJ_46	https://opengeospatial.github.io/ELFIE/floodcast/TransportationAssets	1120851_LOCAL STREETS	This is route ID 1120851 with Monitor status	Floodcast_Dewberry	"http://54.225.76.222/geoserver/Dewberry/wms?service=WMS&version=1.1.0&request=GetMap&layers=Dewberry:ELFIE_MAJOR_TX_RDS&styles=&bbox=-1.06283664329E7,3472306.523599997,-1.0626203496E7,3474471.4833000004&width=767&height=768&srs=EPSG:3857&format=image%2Fjpeg"	NA
TX_MAJ_47	https://opengeospatial.github.io/ELFIE/floodcast/TransportationAssets	1120851_LOCAL STREETS	This is route ID 1120851 with Monitor status	Floodcast_Dewberry	"http://54.225.76.222/geoserver/Dewberry/wms?service=WMS&version=1.1.0&request=GetMap&layers=Dewberry:ELFIE_MAJOR_TX_RDS&styles=&bbox=-1.06283664329E7,3472306.523599997,-1.0626203496E7,3474471.4833000004&width=767&height=768&srs=EPSG:3857&format=image%2Fjpeg"	NA
TX_MAJ_48	https://opengeospatial.github.io/ELFIE/floodcast/TransportationAssets	1126430_LOCAL STREETS	This is route ID 1126430 with Monitor status	Floodcast_Dewberry	"http://54.225.76.222/geoserver/Dewberry/wms?service=WMS&version=1.1.0&request=GetMap&layers=Dewberry:ELFIE_MAJOR_TX_RDS&styles=&bbox=-1.06283664329E7,3472306.523599997,-1.0626203496E7,3474471.4833000004&width=767&height=768&srs=EPSG:3857&format=image%2Fjpeg"	NA
TX_MAJ_49	https://opengeospatial.github.io/ELFIE/floodcast/TransportationAssets	1120851_LOCAL STREETS	This is route ID 1120851 with Monitor status	Floodcast_Dewberry	"http://54.225.76.222/geoserver/Dewberry/wms?service=WMS&version=1.1.0&request=GetMap&layers=Dewberry:ELFIE_MAJOR_TX_RDS&styles=&bbox=-1.06283664329E7,3472306.523599997,-1.0626203496E7,3474471.4833000004&width=767&height=768&srs=EPSG:3857&format=image%2Fjpeg"	NA
TX_MAJ_50	https://opengeospatial.github.io/ELFIE/floodcast/TransportationAssets	1120947_LOCAL STREETS	This is route ID 1120947 with Monitor status	Floodcast_Dewberry	"http://54.225.76.222/geoserver/Dewberry/wms?service=WMS&version=1.1.0&request=GetMap&layers=Dewberry:ELFIE_MAJOR_TX_RDS&styles=&bbox=-1.06283664329E7,3472306.523599997,-1.0626203496E7,3474471.4833000004&width=767&height=768&srs=EPSG:3857&format=image%2Fjpeg"	NA
TX_MAJ_51	https://opengeospatial.github.io/ELFIE/floodcast/TransportationAssets	1120948_LOCAL STREETS	This is route ID 1120948 with Monitor status	Floodcast_Dewberry	"http://54.225.76.222/geoserver/Dewberry/wms?service=WMS&version=1.1.0&request=GetMap&layers=Dewberry:ELFIE_MAJOR_TX_RDS&styles=&bbox=-1.06283664329E7,3472306.523599997,-1.0626203496E7,3474471.4833000004&width=767&height=768&srs=EPSG:3857&format=image%2Fjpeg"	NA
TX_MAJ_52	https://opengeospatial.github.io/ELFIE/floodcast/TransportationAssets	1130282_LOCAL STREETS	This is route ID 1130282 with Monitor status	Floodcast_Dewberry	"http://54.225.76.222/geoserver/Dewberry/wms?service=WMS&version=1.1.0&request=GetMap&layers=Dewberry:ELFIE_MAJOR_TX_RDS&styles=&bbox=-1.06283664329E7,3472306.523599997,-1.0626203496E7,3474471.4833000004&width=767&height=768&srs=EPSG:3857&format=image%2Fjpeg"	NA
TX_MAJ_53	https://opengeospatial.github.io/ELFIE/floodcast/TransportationAssets	1130283_LOCAL STREETS	This is route ID 1130283 with Monitor status	Floodcast_Dewberry	"http://54.225.76.222/geoserver/Dewberry/wms?service=WMS&version=1.1.0&request=GetMap&layers=Dewberry:ELFIE_MAJOR_TX_RDS&styles=&bbox=-1.06283664329E7,3472306.523599997,-1.0626203496E7,3474471.4833000004&width=767&height=768&srs=EPSG:3857&format=image%2Fjpeg"	NA
TX_MAJ_54	https://opengeospatial.github.io/ELFIE/floodcast/TransportationAssets	1120950_LOCAL STREETS	This is route ID 1120950 with Monitor status	Floodcast_Dewberry	"http://54.225.76.222/geoserver/Dewberry/wms?service=WMS&version=1.1.0&request=GetMap&layers=Dewberry:ELFIE_MAJOR_TX_RDS&styles=&bbox=-1.06283664329E7,3472306.523599997,-1.0626203496E7,3474471.4833000004&width=767&height=768&srs=EPSG:3857&format=image%2Fjpeg"	NA
TX_MAJ_55	https://opengeospatial.github.io/ELFIE/floodcast/TransportationAssets	1130284_LOCAL STREETS	This is route ID 1130284 with Monitor status	Floodcast_Dewberry	"http://54.225.76.222/geoserver/Dewberry/wms?service=WMS&version=1.1.0&request=GetMap&layers=Dewberry:ELFIE_MAJOR_TX_RDS&styles=&bbox=-1.06283664329E7,3472306.523599997,-1.0626203496E7,3474471.4833000004&width=767&height=768&srs=EPSG:3857&format=image%2Fjpeg"	NA
TX_MAJ_56	https://opengeospatial.github.io/ELFIE/floodcast/TransportationAssets	1126430_LOCAL STREETS	This is route ID 1126430 with Monitor status	Floodcast_Dewberry	"http://54.225.76.222/geoserver/Dewberry/wms?service=WMS&version=1.1.0&request=GetMap&layers=Dewberry:ELFIE_MAJOR_TX_RDS&styles=&bbox=-1.06283664329E7,3472306.523599997,-1.0626203496E7,3474471.4833000004&width=767&height=768&srs=EPSG:3857&format=image%2Fjpeg"	NA
TX_MAJ_57	https://opengeospatial.github.io/ELFIE/floodcast/TransportationAssets	1263090_LOCAL STREETS	This is route ID 1263090 with Monitor status	Floodcast_Dewberry	"http://54.225.76.222/geoserver/Dewberry/wms?service=WMS&version=1.1.0&request=GetMap&layers=Dewberry:ELFIE_MAJOR_TX_RDS&styles=&bbox=-1.06283664329E7,3472306.523599997,-1.0626203496E7,3474471.4833000004&width=767&height=768&srs=EPSG:3857&format=image%2Fjpeg"	NA
TX_MAJ_58	https://opengeospatial.github.io/ELFIE/floodcast/TransportationAssets	1130284_LOCAL STREETS	This is route ID 1130284 with Monitor status	Floodcast_Dewberry	"http://54.225.76.222/geoserver/Dewberry/wms?service=WMS&version=1.1.0&request=GetMap&layers=Dewberry:ELFIE_MAJOR_TX_RDS&styles=&bbox=-1.06283664329E7,3472306.523599997,-1.0626203496E7,3474471.4833000004&width=767&height=768&srs=EPSG:3857&format=image%2Fjpeg"	NA
TX_MAJ_59	https://opengeospatial.github.io/ELFIE/floodcast/TransportationAssets	1128281_LOCAL STREETS	This is route ID 1128281 with Monitor status	Floodcast_Dewberry	"http://54.225.76.222/geoserver/Dewberry/wms?service=WMS&version=1.1.0&request=GetMap&layers=Dewberry:ELFIE_MAJOR_TX_RDS&styles=&bbox=-1.06283664329E7,3472306.523599997,-1.0626203496E7,3474471.4833000004&width=767&height=768&srs=EPSG:3857&format=image%2Fjpeg"	NA
TX_MAJ_60	https://opengeospatial.github.io/ELFIE/floodcast/TransportationAssets	1123311_LOCAL STREETS	This is route ID 1123311 with Monitor status	Floodcast_Dewberry	"http://54.225.76.222/geoserver/Dewberry/wms?service=WMS&version=1.1.0&request=GetMap&layers=Dewberry:ELFIE_MAJOR_TX_RDS&styles=&bbox=-1.06283664329E7,3472306.523599997,-1.0626203496E7,3474471.4833000004&width=767&height=768&srs=EPSG:3857&format=image%2Fjpeg"	NA
TX_MAJ_61	https://opengeospatial.github.io/ELFIE/floodcast/TransportationAssets	1121339_LOCAL STREETS	This is route ID 1121339 with Monitor status	Floodcast_Dewberry	"http://54.225.76.222/geoserver/Dewberry/wms?service=WMS&version=1.1.0&request=GetMap&layers=Dewberry:ELFIE_MAJOR_TX_RDS&styles=&bbox=-1.06283664329E7,3472306.523599997,-1.0626203496E7,3474471.4833000004&width=767&height=768&srs=EPSG:3857&format=image%2Fjpeg"	NA
TX_MAJ_62	https://opengeospatial.github.io/ELFIE/floodcast/TransportationAssets	1132228_LOCAL STREETS	This is route ID 1132228 with Monitor status	Floodcast_Dewberry	"http://54.225.76.222/geoserver/Dewberry/wms?service=WMS&version=1.1.0&request=GetMap&layers=Dewberry:ELFIE_MAJOR_TX_RDS&styles=&bbox=-1.06283664329E7,3472306.523599997,-1.0626203496E7,3474471.4833000004&width=767&height=768&srs=EPSG:3857&format=image%2Fjpeg"	NA
TX_MAJ_63	https://opengeospatial.github.io/ELFIE/floodcast/TransportationAssets	1126159_LOCAL STREETS	This is route ID 1126159 with Monitor status	Floodcast_Dewberry	"http://54.225.76.222/geoserver/Dewberry/wms?service=WMS&version=1.1.0&request=GetMap&layers=Dewberry:ELFIE_MAJOR_TX_RDS&styles=&bbox=-1.06283664329E7,3472306.523599997,-1.0626203496E7,3474471.4833000004&width=767&height=768&srs=EPSG:3857&format=image%2Fjpeg"	NA
TX_MAJ_64	https://opengeospatial.github.io/ELFIE/floodcast/TransportationAssets	1121339_LOCAL STREETS	This is route ID 1121339 with Monitor status	Floodcast_Dewberry	"http://54.225.76.222/geoserver/Dewberry/wms?service=WMS&version=1.1.0&request=GetMap&layers=Dewberry:ELFIE_MAJOR_TX_RDS&styles=&bbox=-1.06283664329E7,3472306.523599997,-1.0626203496E7,3474471.4833000004&width=767&height=768&srs=EPSG:3857&format=image%2Fjpeg"	NA
TX_MAJ_65	https://opengeospatial.github.io/ELFIE/floodcast/TransportationAssets	1128334_LOCAL STREETS	This is route ID 1128334 with Threatened status	Floodcast_Dewberry	"http://54.225.76.222/geoserver/Dewberry/wms?service=WMS&version=1.1.0&request=GetMap&layers=Dewberry:ELFIE_MAJOR_TX_RDS&styles=&bbox=-1.06283664329E7,3472306.523599997,-1.0626203496E7,3474471.4833000004&width=767&height=768&srs=EPSG:3857&format=image%2Fjpeg"	NA
TX_MAJ_66	https://opengeospatial.github.io/ELFIE/floodcast/TransportationAssets	1129318_LOCAL STREETS	This is route ID 1129318 with Threatened status	Floodcast_Dewberry	"http://54.225.76.222/geoserver/Dewberry/wms?service=WMS&version=1.1.0&request=GetMap&layers=Dewberry:ELFIE_MAJOR_TX_RDS&styles=&bbox=-1.06283664329E7,3472306.523599997,-1.0626203496E7,3474471.4833000004&width=767&height=768&srs=EPSG:3857&format=image%2Fjpeg"	NA
TX_MAJ_67	https://opengeospatial.github.io/ELFIE/floodcast/TransportationAssets	1128902_LOCAL STREETS	This is route ID 1128902 with Threatened status	Floodcast_Dewberry	"http://54.225.76.222/geoserver/Dewberry/wms?service=WMS&version=1.1.0&request=GetMap&layers=Dewberry:ELFIE_MAJOR_TX_RDS&styles=&bbox=-1.06283664329E7,3472306.523599997,-1.0626203496E7,3474471.4833000004&width=767&height=768&srs=EPSG:3857&format=image%2Fjpeg"	NA
TX_MAJ_68	https://opengeospatial.github.io/ELFIE/floodcast/TransportationAssets	1128901_LOCAL STREETS	This is route ID 1128901 with Threatened status	Floodcast_Dewberry	"http://54.225.76.222/geoserver/Dewberry/wms?service=WMS&version=1.1.0&request=GetMap&layers=Dewberry:ELFIE_MAJOR_TX_RDS&styles=&bbox=-1.06283664329E7,3472306.523599997,-1.0626203496E7,3474471.4833000004&width=767&height=768&srs=EPSG:3857&format=image%2Fjpeg"	NA
TX_MAJ_69	https://opengeospatial.github.io/ELFIE/floodcast/TransportationAssets	1128901_LOCAL STREETS	This is route ID 1128901 with Threatened status	Floodcast_Dewberry	"http://54.225.76.222/geoserver/Dewberry/wms?service=WMS&version=1.1.0&request=GetMap&layers=Dewberry:ELFIE_MAJOR_TX_RDS&styles=&bbox=-1.06283664329E7,3472306.523599997,-1.0626203496E7,3474471.4833000004&width=767&height=768&srs=EPSG:3857&format=image%2Fjpeg"	NA
TX_MAJ_70	https://opengeospatial.github.io/ELFIE/floodcast/TransportationAssets	257397_FUNCTIONALLY CLASSIFIED CITY STREETS	This is route ID 257397 with Threatened status	Floodcast_Dewberry	"http://54.225.76.222/geoserver/Dewberry/wms?service=WMS&version=1.1.0&request=GetMap&layers=Dewberry:ELFIE_MAJOR_TX_RDS&styles=&bbox=-1.06283664329E7,3472306.523599997,-1.0626203496E7,3474471.4833000004&width=767&height=768&srs=EPSG:3857&format=image%2Fjpeg"	NA
TX_MAJ_71	https://opengeospatial.github.io/ELFIE/floodcast/TransportationAssets	1128158_LOCAL STREETS	This is route ID 1128158 with Threatened status	Floodcast_Dewberry	"http://54.225.76.222/geoserver/Dewberry/wms?service=WMS&version=1.1.0&request=GetMap&layers=Dewberry:ELFIE_MAJOR_TX_RDS&styles=&bbox=-1.06283664329E7,3472306.523599997,-1.0626203496E7,3474471.4833000004&width=767&height=768&srs=EPSG:3857&format=image%2Fjpeg"	NA
TX_MAJ_72	https://opengeospatial.github.io/ELFIE/floodcast/TransportationAssets	1128330_LOCAL STREETS	This is route ID 1128330 with Threatened status	Floodcast_Dewberry	"http://54.225.76.222/geoserver/Dewberry/wms?service=WMS&version=1.1.0&request=GetMap&layers=Dewberry:ELFIE_MAJOR_TX_RDS&styles=&bbox=-1.06283664329E7,3472306.523599997,-1.0626203496E7,3474471.4833000004&width=767&height=768&srs=EPSG:3857&format=image%2Fjpeg"	NA
TX_MAJ_73	https://opengeospatial.github.io/ELFIE/floodcast/TransportationAssets	257397_FUNCTIONALLY CLASSIFIED CITY STREETS	This is route ID 257397 with Threatened status	Floodcast_Dewberry	"http://54.225.76.222/geoserver/Dewberry/wms?service=WMS&version=1.1.0&request=GetMap&layers=Dewberry:ELFIE_MAJOR_TX_RDS&styles=&bbox=-1.06283664329E7,3472306.523599997,-1.0626203496E7,3474471.4833000004&width=767&height=768&srs=EPSG:3857&format=image%2Fjpeg"	NA
TX_MAJ_74	https://opengeospatial.github.io/ELFIE/floodcast/TransportationAssets	1128158_LOCAL STREETS	This is route ID 1128158 with Threatened status	Floodcast_Dewberry	"http://54.225.76.222/geoserver/Dewberry/wms?service=WMS&version=1.1.0&request=GetMap&layers=Dewberry:ELFIE_MAJOR_TX_RDS&styles=&bbox=-1.06283664329E7,3472306.523599997,-1.0626203496E7,3474471.4833000004&width=767&height=768&srs=EPSG:3857&format=image%2Fjpeg"	NA
TX_MAJ_75	https://opengeospatial.github.io/ELFIE/floodcast/TransportationAssets	257397_FUNCTIONALLY CLASSIFIED CITY STREETS	This is route ID 257397 with Threatened status	Floodcast_Dewberry	"http://54.225.76.222/geoserver/Dewberry/wms?service=WMS&version=1.1.0&request=GetMap&layers=Dewberry:ELFIE_MAJOR_TX_RDS&styles=&bbox=-1.06283664329E7,3472306.523599997,-1.0626203496E7,3474471.4833000004&width=767&height=768&srs=EPSG:3857&format=image%2Fjpeg"	NA
TX_MAJ_76	https://opengeospatial.github.io/ELFIE/floodcast/TransportationAssets	1124141_LOCAL STREETS	This is route ID 1124141 with Threatened status	Floodcast_Dewberry	"http://54.225.76.222/geoserver/Dewberry/wms?service=WMS&version=1.1.0&request=GetMap&layers=Dewberry:ELFIE_MAJOR_TX_RDS&styles=&bbox=-1.06283664329E7,3472306.523599997,-1.0626203496E7,3474471.4833000004&width=767&height=768&srs=EPSG:3857&format=image%2Fjpeg"	NA
TX_MAJ_77	https://opengeospatial.github.io/ELFIE/floodcast/TransportationAssets	1128208_LOCAL STREETS	This is route ID 1128208 with Threatened status	Floodcast_Dewberry	"http://54.225.76.222/geoserver/Dewberry/wms?service=WMS&version=1.1.0&request=GetMap&layers=Dewberry:ELFIE_MAJOR_TX_RDS&styles=&bbox=-1.06283664329E7,3472306.523599997,-1.0626203496E7,3474471.4833000004&width=767&height=768&srs=EPSG:3857&format=image%2Fjpeg"	NA
TX_MAJ_78	https://opengeospatial.github.io/ELFIE/floodcast/TransportationAssets	1120253_LOCAL STREETS	This is route ID 1120253 with Threatened status	Floodcast_Dewberry	"http://54.225.76.222/geoserver/Dewberry/wms?service=WMS&version=1.1.0&request=GetMap&layers=Dewberry:ELFIE_MAJOR_TX_RDS&styles=&bbox=-1.06283664329E7,3472306.523599997,-1.0626203496E7,3474471.4833000004&width=767&height=768&srs=EPSG:3857&format=image%2Fjpeg"	NA
TX_MAJ_79	https://opengeospatial.github.io/ELFIE/floodcast/TransportationAssets	256963_FUNCTIONALLY CLASSIFIED CITY STREETS	This is route ID 256963 with Threatened status	Floodcast_Dewberry	"http://54.225.76.222/geoserver/Dewberry/wms?service=WMS&version=1.1.0&request=GetMap&layers=Dewberry:ELFIE_MAJOR_TX_RDS&styles=&bbox=-1.06283664329E7,3472306.523599997,-1.0626203496E7,3474471.4833000004&width=767&height=768&srs=EPSG:3857&format=image%2Fjpeg"	NA
TX_MAJ_80	https://opengeospatial.github.io/ELFIE/floodcast/TransportationAssets	1130285_LOCAL STREETS	This is route ID 1130285 with Threatened status	Floodcast_Dewberry	"http://54.225.76.222/geoserver/Dewberry/wms?service=WMS&version=1.1.0&request=GetMap&layers=Dewberry:ELFIE_MAJOR_TX_RDS&styles=&bbox=-1.06283664329E7,3472306.523599997,-1.0626203496E7,3474471.4833000004&width=767&height=768&srs=EPSG:3857&format=image%2Fjpeg"	NA
TX_MAJ_81	https://opengeospatial.github.io/ELFIE/floodcast/TransportationAssets	1129383_LOCAL STREETS	This is route ID 1129383 with Threatened status	Floodcast_Dewberry	"http://54.225.76.222/geoserver/Dewberry/wms?service=WMS&version=1.1.0&request=GetMap&layers=Dewberry:ELFIE_MAJOR_TX_RDS&styles=&bbox=-1.06283664329E7,3472306.523599997,-1.0626203496E7,3474471.4833000004&width=767&height=768&srs=EPSG:3857&format=image%2Fjpeg"	NA
TX_MAJ_82	https://opengeospatial.github.io/ELFIE/floodcast/TransportationAssets	1123971_LOCAL STREETS	This is route ID 1123971 with Threatened status	Floodcast_Dewberry	"http://54.225.76.222/geoserver/Dewberry/wms?service=WMS&version=1.1.0&request=GetMap&layers=Dewberry:ELFIE_MAJOR_TX_RDS&styles=&bbox=-1.06283664329E7,3472306.523599997,-1.0626203496E7,3474471.4833000004&width=767&height=768&srs=EPSG:3857&format=image%2Fjpeg"	NA
TX_MAJ_83	https://opengeospatial.github.io/ELFIE/floodcast/TransportationAssets	1127277_LOCAL STREETS	This is route ID 1127277 with No Apparent Threat status	Floodcast_Dewberry	"http://54.225.76.222/geoserver/Dewberry/wms?service=WMS&version=1.1.0&request=GetMap&layers=Dewberry:ELFIE_MAJOR_TX_RDS&styles=&bbox=-1.06283664329E7,3472306.523599997,-1.0626203496E7,3474471.4833000004&width=767&height=768&srs=EPSG:3857&format=image%2Fjpeg"	NA
TX_MAJ_84	https://opengeospatial.github.io/ELFIE/floodcast/TransportationAssets	1132444_LOCAL STREETS	This is route ID 1132444 with No Apparent Threat status	Floodcast_Dewberry	"http://54.225.76.222/geoserver/Dewberry/wms?service=WMS&version=1.1.0&request=GetMap&layers=Dewberry:ELFIE_MAJOR_TX_RDS&styles=&bbox=-1.06283664329E7,3472306.523599997,-1.0626203496E7,3474471.4833000004&width=767&height=768&srs=EPSG:3857&format=image%2Fjpeg"	NA
TX_MAJ_85	https://opengeospatial.github.io/ELFIE/floodcast/TransportationAssets	1130720_LOCAL STREETS	This is route ID 1130720 with No Apparent Threat status	Floodcast_Dewberry	"http://54.225.76.222/geoserver/Dewberry/wms?service=WMS&version=1.1.0&request=GetMap&layers=Dewberry:ELFIE_MAJOR_TX_RDS&styles=&bbox=-1.06283664329E7,3472306.523599997,-1.0626203496E7,3474471.4833000004&width=767&height=768&srs=EPSG:3857&format=image%2Fjpeg"	NA
TX_MAJ_86	https://opengeospatial.github.io/ELFIE/floodcast/TransportationAssets	1129318_LOCAL STREETS	This is route ID 1129318 with No Apparent Threat status	Floodcast_Dewberry	"http://54.225.76.222/geoserver/Dewberry/wms?service=WMS&version=1.1.0&request=GetMap&layers=Dewberry:ELFIE_MAJOR_TX_RDS&styles=&bbox=-1.06283664329E7,3472306.523599997,-1.0626203496E7,3474471.4833000004&width=767&height=768&srs=EPSG:3857&format=image%2Fjpeg"	NA
TX_MAJ_87	https://opengeospatial.github.io/ELFIE/floodcast/TransportationAssets	1126278_LOCAL STREETS	This is route ID 1126278 with No Apparent Threat status	Floodcast_Dewberry	"http://54.225.76.222/geoserver/Dewberry/wms?service=WMS&version=1.1.0&request=GetMap&layers=Dewberry:ELFIE_MAJOR_TX_RDS&styles=&bbox=-1.06283664329E7,3472306.523599997,-1.0626203496E7,3474471.4833000004&width=767&height=768&srs=EPSG:3857&format=image%2Fjpeg"	NA
TX_MAJ_88	https://opengeospatial.github.io/ELFIE/floodcast/TransportationAssets	257204_FUNCTIONALLY CLASSIFIED CITY STREETS	This is route ID 257204 with No Apparent Threat status	Floodcast_Dewberry	"http://54.225.76.222/geoserver/Dewberry/wms?service=WMS&version=1.1.0&request=GetMap&layers=Dewberry:ELFIE_MAJOR_TX_RDS&styles=&bbox=-1.06283664329E7,3472306.523599997,-1.0626203496E7,3474471.4833000004&width=767&height=768&srs=EPSG:3857&format=image%2Fjpeg"	NA
TX_MAJ_89	https://opengeospatial.github.io/ELFIE/floodcast/TransportationAssets	1130897_LOCAL STREETS	This is route ID 1130897 with No Apparent Threat status	Floodcast_Dewberry	"http://54.225.76.222/geoserver/Dewberry/wms?service=WMS&version=1.1.0&request=GetMap&layers=Dewberry:ELFIE_MAJOR_TX_RDS&styles=&bbox=-1.06283664329E7,3472306.523599997,-1.0626203496E7,3474471.4833000004&width=767&height=768&srs=EPSG:3857&format=image%2Fjpeg"	NA
TX_MAJ_90	https://opengeospatial.github.io/ELFIE/floodcast/TransportationAssets	1128985_LOCAL STREETS	This is route ID 1128985 with No Apparent Threat status	Floodcast_Dewberry	"http://54.225.76.222/geoserver/Dewberry/wms?service=WMS&version=1.1.0&request=GetMap&layers=Dewberry:ELFIE_MAJOR_TX_RDS&styles=&bbox=-1.06283664329E7,3472306.523599997,-1.0626203496E7,3474471.4833000004&width=767&height=768&srs=EPSG:3857&format=image%2Fjpeg"	NA
TX_MAJ_91	https://opengeospatial.github.io/ELFIE/floodcast/TransportationAssets	1129318_LOCAL STREETS	This is route ID 1129318 with No Apparent Threat status	Floodcast_Dewberry	"http://54.225.76.222/geoserver/Dewberry/wms?service=WMS&version=1.1.0&request=GetMap&layers=Dewberry:ELFIE_MAJOR_TX_RDS&styles=&bbox=-1.06283664329E7,3472306.523599997,-1.0626203496E7,3474471.4833000004&width=767&height=768&srs=EPSG:3857&format=image%2Fjpeg"	NA
TX_MAJ_92	https://opengeospatial.github.io/ELFIE/floodcast/TransportationAssets	1130485_LOCAL STREETS	This is route ID 1130485 with No Apparent Threat status	Floodcast_Dewberry	"http://54.225.76.222/geoserver/Dewberry/wms?service=WMS&version=1.1.0&request=GetMap&layers=Dewberry:ELFIE_MAJOR_TX_RDS&styles=&bbox=-1.06283664329E7,3472306.523599997,-1.0626203496E7,3474471.4833000004&width=767&height=768&srs=EPSG:3857&format=image%2Fjpeg"	NA
TX_MAJ_93	https://opengeospatial.github.io/ELFIE/floodcast/TransportationAssets	257204_FUNCTIONALLY CLASSIFIED CITY STREETS	This is route ID 257204 with No Apparent Threat status	Floodcast_Dewberry	"http://54.225.76.222/geoserver/Dewberry/wms?service=WMS&version=1.1.0&request=GetMap&layers=Dewberry:ELFIE_MAJOR_TX_RDS&styles=&bbox=-1.06283664329E7,3472306.523599997,-1.0626203496E7,3474471.4833000004&width=767&height=768&srs=EPSG:3857&format=image%2Fjpeg"	NA
TX_MAJ_94	https://opengeospatial.github.io/ELFIE/floodcast/TransportationAssets	1129318_LOCAL STREETS	This is route ID 1129318 with No Apparent Threat status	Floodcast_Dewberry	"http://54.225.76.222/geoserver/Dewberry/wms?service=WMS&version=1.1.0&request=GetMap&layers=Dewberry:ELFIE_MAJOR_TX_RDS&styles=&bbox=-1.06283664329E7,3472306.523599997,-1.0626203496E7,3474471.4833000004&width=767&height=768&srs=EPSG:3857&format=image%2Fjpeg"	NA
TX_MAJ_95	https://opengeospatial.github.io/ELFIE/floodcast/TransportationAssets	1129354_LOCAL STREETS	This is route ID 1129354 with No Apparent Threat status	Floodcast_Dewberry	"http://54.225.76.222/geoserver/Dewberry/wms?service=WMS&version=1.1.0&request=GetMap&layers=Dewberry:ELFIE_MAJOR_TX_RDS&styles=&bbox=-1.06283664329E7,3472306.523599997,-1.0626203496E7,3474471.4833000004&width=767&height=768&srs=EPSG:3857&format=image%2Fjpeg"	NA
TX_MAJ_96	https://opengeospatial.github.io/ELFIE/floodcast/TransportationAssets	1126278_LOCAL STREETS	This is route ID 1126278 with No Apparent Threat status	Floodcast_Dewberry	"http://54.225.76.222/geoserver/Dewberry/wms?service=WMS&version=1.1.0&request=GetMap&layers=Dewberry:ELFIE_MAJOR_TX_RDS&styles=&bbox=-1.06283664329E7,3472306.523599997,-1.0626203496E7,3474471.4833000004&width=767&height=768&srs=EPSG:3857&format=image%2Fjpeg"	NA
TX_MAJ_97	https://opengeospatial.github.io/ELFIE/floodcast/TransportationAssets	1261166_LOCAL STREETS	This is route ID 1261166 with No Apparent Threat status	Floodcast_Dewberry	"http://54.225.76.222/geoserver/Dewberry/wms?service=WMS&version=1.1.0&request=GetMap&layers=Dewberry:ELFIE_MAJOR_TX_RDS&styles=&bbox=-1.06283664329E7,3472306.523599997,-1.0626203496E7,3474471.4833000004&width=767&height=768&srs=EPSG:3857&format=image%2Fjpeg"	NA
TX_MAJ_98	https://opengeospatial.github.io/ELFIE/floodcast/TransportationAssets	1126278_LOCAL STREETS	This is route ID 1126278 with No Apparent Threat status	Floodcast_Dewberry	"http://54.225.76.222/geoserver/Dewberry/wms?service=WMS&version=1.1.0&request=GetMap&layers=Dewberry:ELFIE_MAJOR_TX_RDS&styles=&bbox=-1.06283664329E7,3472306.523599997,-1.0626203496E7,3474471.4833000004&width=767&height=768&srs=EPSG:3857&format=image%2Fjpeg"	NA
TX_MAJ_99	https://opengeospatial.github.io/ELFIE/floodcast/TransportationAssets	1128985_LOCAL STREETS	This is route ID 1128985 with No Apparent Threat status	Floodcast_Dewberry	"http://54.225.76.222/geoserver/Dewberry/wms?service=WMS&version=1.1.0&request=GetMap&layers=Dewberry:ELFIE_MAJOR_TX_RDS&styles=&bbox=-1.06283664329E7,3472306.523599997,-1.0626203496E7,3474471.4833000004&width=767&height=768&srs=EPSG:3857&format=image%2Fjpeg"	NA
TX_MAJ_100	https://opengeospatial.github.io/ELFIE/floodcast/TransportationAssets	1131868_LOCAL STREETS	This is route ID 1131868 with No Apparent Threat status	Floodcast_Dewberry	"http://54.225.76.222/geoserver/Dewberry/wms?service=WMS&version=1.1.0&request=GetMap&layers=Dewberry:ELFIE_MAJOR_TX_RDS&styles=&bbox=-1.06283664329E7,3472306.523599997,-1.0626203496E7,3474471.4833000004&width=767&height=768&srs=EPSG:3857&format=image%2Fjpeg"	NA
TX_MAJ_101	https://opengeospatial.github.io/ELFIE/floodcast/TransportationAssets	1124819_LOCAL STREETS	This is route ID 1124819 with No Apparent Threat status	Floodcast_Dewberry	"http://54.225.76.222/geoserver/Dewberry/wms?service=WMS&version=1.1.0&request=GetMap&layers=Dewberry:ELFIE_MAJOR_TX_RDS&styles=&bbox=-1.06283664329E7,3472306.523599997,-1.0626203496E7,3474471.4833000004&width=767&height=768&srs=EPSG:3857&format=image%2Fjpeg"	NA
TX_MAJ_102	https://opengeospatial.github.io/ELFIE/floodcast/TransportationAssets	257204_FUNCTIONALLY CLASSIFIED CITY STREETS	This is route ID 257204 with No Apparent Threat status	Floodcast_Dewberry	"http://54.225.76.222/geoserver/Dewberry/wms?service=WMS&version=1.1.0&request=GetMap&layers=Dewberry:ELFIE_MAJOR_TX_RDS&styles=&bbox=-1.06283664329E7,3472306.523599997,-1.0626203496E7,3474471.4833000004&width=767&height=768&srs=EPSG:3857&format=image%2Fjpeg"	NA
TX_MAJ_103	https://opengeospatial.github.io/ELFIE/floodcast/TransportationAssets	1131869_LOCAL STREETS	This is route ID 1131869 with No Apparent Threat status	Floodcast_Dewberry	"http://54.225.76.222/geoserver/Dewberry/wms?service=WMS&version=1.1.0&request=GetMap&layers=Dewberry:ELFIE_MAJOR_TX_RDS&styles=&bbox=-1.06283664329E7,3472306.523599997,-1.0626203496E7,3474471.4833000004&width=767&height=768&srs=EPSG:3857&format=image%2Fjpeg"	NA
TX_MAJ_104	https://opengeospatial.github.io/ELFIE/floodcast/TransportationAssets	1131868_LOCAL STREETS	This is route ID 1131868 with No Apparent Threat status	Floodcast_Dewberry	"http://54.225.76.222/geoserver/Dewberry/wms?service=WMS&version=1.1.0&request=GetMap&layers=Dewberry:ELFIE_MAJOR_TX_RDS&styles=&bbox=-1.06283664329E7,3472306.523599997,-1.0626203496E7,3474471.4833000004&width=767&height=768&srs=EPSG:3857&format=image%2Fjpeg"	NA
TX_MAJ_105	https://opengeospatial.github.io/ELFIE/floodcast/TransportationAssets	1130485_LOCAL STREETS	This is route ID 1130485 with No Apparent Threat status	Floodcast_Dewberry	"http://54.225.76.222/geoserver/Dewberry/wms?service=WMS&version=1.1.0&request=GetMap&layers=Dewberry:ELFIE_MAJOR_TX_RDS&styles=&bbox=-1.06283664329E7,3472306.523599997,-1.0626203496E7,3474471.4833000004&width=767&height=768&srs=EPSG:3857&format=image%2Fjpeg"	NA
TX_MAJ_106	https://opengeospatial.github.io/ELFIE/floodcast/TransportationAssets	1128169_LOCAL STREETS	This is route ID 1128169 with No Apparent Threat status	Floodcast_Dewberry	"http://54.225.76.222/geoserver/Dewberry/wms?service=WMS&version=1.1.0&request=GetMap&layers=Dewberry:ELFIE_MAJOR_TX_RDS&styles=&bbox=-1.06283664329E7,3472306.523599997,-1.0626203496E7,3474471.4833000004&width=767&height=768&srs=EPSG:3857&format=image%2Fjpeg"	NA
TX_MAJ_107	https://opengeospatial.github.io/ELFIE/floodcast/TransportationAssets	1130485_LOCAL STREETS	This is route ID 1130485 with No Apparent Threat status	Floodcast_Dewberry	"http://54.225.76.222/geoserver/Dewberry/wms?service=WMS&version=1.1.0&request=GetMap&layers=Dewberry:ELFIE_MAJOR_TX_RDS&styles=&bbox=-1.06283664329E7,3472306.523599997,-1.0626203496E7,3474471.4833000004&width=767&height=768&srs=EPSG:3857&format=image%2Fjpeg"	NA
TX_MAJ_108	https://opengeospatial.github.io/ELFIE/floodcast/TransportationAssets	1128985_LOCAL STREETS	This is route ID 1128985 with No Apparent Threat status	Floodcast_Dewberry	"http://54.225.76.222/geoserver/Dewberry/wms?service=WMS&version=1.1.0&request=GetMap&layers=Dewberry:ELFIE_MAJOR_TX_RDS&styles=&bbox=-1.06283664329E7,3472306.523599997,-1.0626203496E7,3474471.4833000004&width=767&height=768&srs=EPSG:3857&format=image%2Fjpeg"	NA
TX_MAJ_109	https://opengeospatial.github.io/ELFIE/floodcast/TransportationAssets	1121243_LOCAL STREETS	This is route ID 1121243 with No Apparent Threat status	Floodcast_Dewberry	"http://54.225.76.222/geoserver/Dewberry/wms?service=WMS&version=1.1.0&request=GetMap&layers=Dewberry:ELFIE_MAJOR_TX_RDS&styles=&bbox=-1.06283664329E7,3472306.523599997,-1.0626203496E7,3474471.4833000004&width=767&height=768&srs=EPSG:3857&format=image%2Fjpeg"	NA
TX_MAJ_110	https://opengeospatial.github.io/ELFIE/floodcast/TransportationAssets	257204_FUNCTIONALLY CLASSIFIED CITY STREETS	This is route ID 257204 with No Apparent Threat status	Floodcast_Dewberry	"http://54.225.76.222/geoserver/Dewberry/wms?service=WMS&version=1.1.0&request=GetMap&layers=Dewberry:ELFIE_MAJOR_TX_RDS&styles=&bbox=-1.06283664329E7,3472306.523599997,-1.0626203496E7,3474471.4833000004&width=767&height=768&srs=EPSG:3857&format=image%2Fjpeg"	NA
TX_MAJ_111	https://opengeospatial.github.io/ELFIE/floodcast/TransportationAssets	1124821_LOCAL STREETS	This is route ID 1124821 with No Apparent Threat status	Floodcast_Dewberry	"http://54.225.76.222/geoserver/Dewberry/wms?service=WMS&version=1.1.0&request=GetMap&layers=Dewberry:ELFIE_MAJOR_TX_RDS&styles=&bbox=-1.06283664329E7,3472306.523599997,-1.0626203496E7,3474471.4833000004&width=767&height=768&srs=EPSG:3857&format=image%2Fjpeg"	NA
TX_MAJ_112	https://opengeospatial.github.io/ELFIE/floodcast/TransportationAssets	1124821_LOCAL STREETS	This is route ID 1124821 with No Apparent Threat status	Floodcast_Dewberry	"http://54.225.76.222/geoserver/Dewberry/wms?service=WMS&version=1.1.0&request=GetMap&layers=Dewberry:ELFIE_MAJOR_TX_RDS&styles=&bbox=-1.06283664329E7,3472306.523599997,-1.0626203496E7,3474471.4833000004&width=767&height=768&srs=EPSG:3857&format=image%2Fjpeg"	NA
TX_MAJ_113	https://opengeospatial.github.io/ELFIE/floodcast/TransportationAssets	1124819_LOCAL STREETS	This is route ID 1124819 with No Apparent Threat status	Floodcast_Dewberry	"http://54.225.76.222/geoserver/Dewberry/wms?service=WMS&version=1.1.0&request=GetMap&layers=Dewberry:ELFIE_MAJOR_TX_RDS&styles=&bbox=-1.06283664329E7,3472306.523599997,-1.0626203496E7,3474471.4833000004&width=767&height=768&srs=EPSG:3857&format=image%2Fjpeg"	NA
TX_MAJ_114	https://opengeospatial.github.io/ELFIE/floodcast/TransportationAssets	1128169_LOCAL STREETS	This is route ID 1128169 with No Apparent Threat status	Floodcast_Dewberry	"http://54.225.76.222/geoserver/Dewberry/wms?service=WMS&version=1.1.0&request=GetMap&layers=Dewberry:ELFIE_MAJOR_TX_RDS&styles=&bbox=-1.06283664329E7,3472306.523599997,-1.0626203496E7,3474471.4833000004&width=767&height=768&srs=EPSG:3857&format=image%2Fjpeg"	NA
TX_MAJ_115	https://opengeospatial.github.io/ELFIE/floodcast/TransportationAssets	1131123_LOCAL STREETS	This is route ID 1131123 with No Apparent Threat status	Floodcast_Dewberry	"http://54.225.76.222/geoserver/Dewberry/wms?service=WMS&version=1.1.0&request=GetMap&layers=Dewberry:ELFIE_MAJOR_TX_RDS&styles=&bbox=-1.06283664329E7,3472306.523599997,-1.0626203496E7,3474471.4833000004&width=767&height=768&srs=EPSG:3857&format=image%2Fjpeg"	NA
TX_MAJ_116	https://opengeospatial.github.io/ELFIE/floodcast/TransportationAssets	257204_FUNCTIONALLY CLASSIFIED CITY STREETS	This is route ID 257204 with No Apparent Threat status	Floodcast_Dewberry	"http://54.225.76.222/geoserver/Dewberry/wms?service=WMS&version=1.1.0&request=GetMap&layers=Dewberry:ELFIE_MAJOR_TX_RDS&styles=&bbox=-1.06283664329E7,3472306.523599997,-1.0626203496E7,3474471.4833000004&width=767&height=768&srs=EPSG:3857&format=image%2Fjpeg"	NA
TX_MAJ_117	https://opengeospatial.github.io/ELFIE/floodcast/TransportationAssets	1124819_LOCAL STREETS	This is route ID 1124819 with No Apparent Threat status	Floodcast_Dewberry	"http://54.225.76.222/geoserver/Dewberry/wms?service=WMS&version=1.1.0&request=GetMap&layers=Dewberry:ELFIE_MAJOR_TX_RDS&styles=&bbox=-1.06283664329E7,3472306.523599997,-1.0626203496E7,3474471.4833000004&width=767&height=768&srs=EPSG:3857&format=image%2Fjpeg"	NA
TX_MAJ_118	https://opengeospatial.github.io/ELFIE/floodcast/TransportationAssets	1128985_LOCAL STREETS	This is route ID 1128985 with No Apparent Threat status	Floodcast_Dewberry	"http://54.225.76.222/geoserver/Dewberry/wms?service=WMS&version=1.1.0&request=GetMap&layers=Dewberry:ELFIE_MAJOR_TX_RDS&styles=&bbox=-1.06283664329E7,3472306.523599997,-1.0626203496E7,3474471.4833000004&width=767&height=768&srs=EPSG:3857&format=image%2Fjpeg"	NA
TX_MAJ_119	https://opengeospatial.github.io/ELFIE/floodcast/TransportationAssets	1124819_LOCAL STREETS	This is route ID 1124819 with No Apparent Threat status	Floodcast_Dewberry	"http://54.225.76.222/geoserver/Dewberry/wms?service=WMS&version=1.1.0&request=GetMap&layers=Dewberry:ELFIE_MAJOR_TX_RDS&styles=&bbox=-1.06283664329E7,3472306.523599997,-1.0626203496E7,3474471.4833000004&width=767&height=768&srs=EPSG:3857&format=image%2Fjpeg"	NA
TX_MAJ_120	https://opengeospatial.github.io/ELFIE/floodcast/TransportationAssets	257204_FUNCTIONALLY CLASSIFIED CITY STREETS	This is route ID 257204 with No Apparent Threat status	Floodcast_Dewberry	"http://54.225.76.222/geoserver/Dewberry/wms?service=WMS&version=1.1.0&request=GetMap&layers=Dewberry:ELFIE_MAJOR_TX_RDS&styles=&bbox=-1.06283664329E7,3472306.523599997,-1.0626203496E7,3474471.4833000004&width=767&height=768&srs=EPSG:3857&format=image%2Fjpeg"	NA
TX_MAJ_121	https://opengeospatial.github.io/ELFIE/floodcast/TransportationAssets	1121243_LOCAL STREETS	This is route ID 1121243 with No Apparent Threat status	Floodcast_Dewberry	"http://54.225.76.222/geoserver/Dewberry/wms?service=WMS&version=1.1.0&request=GetMap&layers=Dewberry:ELFIE_MAJOR_TX_RDS&styles=&bbox=-1.06283664329E7,3472306.523599997,-1.0626203496E7,3474471.4833000004&width=767&height=768&srs=EPSG:3857&format=image%2Fjpeg"	NA
TX_MAJ_122	https://opengeospatial.github.io/ELFIE/floodcast/TransportationAssets	1128169_LOCAL STREETS	This is route ID 1128169 with No Apparent Threat status	Floodcast_Dewberry	"http://54.225.76.222/geoserver/Dewberry/wms?service=WMS&version=1.1.0&request=GetMap&layers=Dewberry:ELFIE_MAJOR_TX_RDS&styles=&bbox=-1.06283664329E7,3472306.523599997,-1.0626203496E7,3474471.4833000004&width=767&height=768&srs=EPSG:3857&format=image%2Fjpeg"	NA
TX_MAJ_123	https://opengeospatial.github.io/ELFIE/floodcast/TransportationAssets	1128902_LOCAL STREETS	This is route ID 1128902 with No Apparent Threat status	Floodcast_Dewberry	"http://54.225.76.222/geoserver/Dewberry/wms?service=WMS&version=1.1.0&request=GetMap&layers=Dewberry:ELFIE_MAJOR_TX_RDS&styles=&bbox=-1.06283664329E7,3472306.523599997,-1.0626203496E7,3474471.4833000004&width=767&height=768&srs=EPSG:3857&format=image%2Fjpeg"	NA
TX_MAJ_124	https://opengeospatial.github.io/ELFIE/floodcast/TransportationAssets	257074_FUNCTIONALLY CLASSIFIED CITY STREETS	This is route ID 257074 with No Apparent Threat status	Floodcast_Dewberry	"http://54.225.76.222/geoserver/Dewberry/wms?service=WMS&version=1.1.0&request=GetMap&layers=Dewberry:ELFIE_MAJOR_TX_RDS&styles=&bbox=-1.06283664329E7,3472306.523599997,-1.0626203496E7,3474471.4833000004&width=767&height=768&srs=EPSG:3857&format=image%2Fjpeg"	NA
TX_MAJ_125	https://opengeospatial.github.io/ELFIE/floodcast/TransportationAssets	1128985_LOCAL STREETS	This is route ID 1128985 with No Apparent Threat status	Floodcast_Dewberry	"http://54.225.76.222/geoserver/Dewberry/wms?service=WMS&version=1.1.0&request=GetMap&layers=Dewberry:ELFIE_MAJOR_TX_RDS&styles=&bbox=-1.06283664329E7,3472306.523599997,-1.0626203496E7,3474471.4833000004&width=767&height=768&srs=EPSG:3857&format=image%2Fjpeg"	NA
TX_MAJ_126	https://opengeospatial.github.io/ELFIE/floodcast/TransportationAssets	1131123_LOCAL STREETS	This is route ID 1131123 with No Apparent Threat status	Floodcast_Dewberry	"http://54.225.76.222/geoserver/Dewberry/wms?service=WMS&version=1.1.0&request=GetMap&layers=Dewberry:ELFIE_MAJOR_TX_RDS&styles=&bbox=-1.06283664329E7,3472306.523599997,-1.0626203496E7,3474471.4833000004&width=767&height=768&srs=EPSG:3857&format=image%2Fjpeg"	NA
TX_MAJ_127	https://opengeospatial.github.io/ELFIE/floodcast/TransportationAssets	1131123_LOCAL STREETS	This is route ID 1131123 with No Apparent Threat status	Floodcast_Dewberry	"http://54.225.76.222/geoserver/Dewberry/wms?service=WMS&version=1.1.0&request=GetMap&layers=Dewberry:ELFIE_MAJOR_TX_RDS&styles=&bbox=-1.06283664329E7,3472306.523599997,-1.0626203496E7,3474471.4833000004&width=767&height=768&srs=EPSG:3857&format=image%2Fjpeg"	NA
TX_MAJ_128	https://opengeospatial.github.io/ELFIE/floodcast/TransportationAssets	1128169_LOCAL STREETS	This is route ID 1128169 with No Apparent Threat status	Floodcast_Dewberry	"http://54.225.76.222/geoserver/Dewberry/wms?service=WMS&version=1.1.0&request=GetMap&layers=Dewberry:ELFIE_MAJOR_TX_RDS&styles=&bbox=-1.06283664329E7,3472306.523599997,-1.0626203496E7,3474471.4833000004&width=767&height=768&srs=EPSG:3857&format=image%2Fjpeg"	NA
TX_MAJ_129	https://opengeospatial.github.io/ELFIE/floodcast/TransportationAssets	1122087_LOCAL STREETS	This is route ID 1122087 with No Apparent Threat status	Floodcast_Dewberry	"http://54.225.76.222/geoserver/Dewberry/wms?service=WMS&version=1.1.0&request=GetMap&layers=Dewberry:ELFIE_MAJOR_TX_RDS&styles=&bbox=-1.06283664329E7,3472306.523599997,-1.0626203496E7,3474471.4833000004&width=767&height=768&srs=EPSG:3857&format=image%2Fjpeg"	NA
TX_MAJ_130	https://opengeospatial.github.io/ELFIE/floodcast/TransportationAssets	1122087_LOCAL STREETS	This is route ID 1122087 with No Apparent Threat status	Floodcast_Dewberry	"http://54.225.76.222/geoserver/Dewberry/wms?service=WMS&version=1.1.0&request=GetMap&layers=Dewberry:ELFIE_MAJOR_TX_RDS&styles=&bbox=-1.06283664329E7,3472306.523599997,-1.0626203496E7,3474471.4833000004&width=767&height=768&srs=EPSG:3857&format=image%2Fjpeg"	NA
TX_MAJ_131	https://opengeospatial.github.io/ELFIE/floodcast/TransportationAssets	1128985_LOCAL STREETS	This is route ID 1128985 with No Apparent Threat status	Floodcast_Dewberry	"http://54.225.76.222/geoserver/Dewberry/wms?service=WMS&version=1.1.0&request=GetMap&layers=Dewberry:ELFIE_MAJOR_TX_RDS&styles=&bbox=-1.06283664329E7,3472306.523599997,-1.0626203496E7,3474471.4833000004&width=767&height=768&srs=EPSG:3857&format=image%2Fjpeg"	NA
TX_MAJ_132	https://opengeospatial.github.io/ELFIE/floodcast/TransportationAssets	1129775_LOCAL STREETS	This is route ID 1129775 with No Apparent Threat status	Floodcast_Dewberry	"http://54.225.76.222/geoserver/Dewberry/wms?service=WMS&version=1.1.0&request=GetMap&layers=Dewberry:ELFIE_MAJOR_TX_RDS&styles=&bbox=-1.06283664329E7,3472306.523599997,-1.0626203496E7,3474471.4833000004&width=767&height=768&srs=EPSG:3857&format=image%2Fjpeg"	NA
TX_MAJ_133	https://opengeospatial.github.io/ELFIE/floodcast/TransportationAssets	1130210_LOCAL STREETS	This is route ID 1130210 with No Apparent Threat status	Floodcast_Dewberry	"http://54.225.76.222/geoserver/Dewberry/wms?service=WMS&version=1.1.0&request=GetMap&layers=Dewberry:ELFIE_MAJOR_TX_RDS&styles=&bbox=-1.06283664329E7,3472306.523599997,-1.0626203496E7,3474471.4833000004&width=767&height=768&srs=EPSG:3857&format=image%2Fjpeg"	NA
TX_MAJ_134	https://opengeospatial.github.io/ELFIE/floodcast/TransportationAssets	1128169_LOCAL STREETS	This is route ID 1128169 with No Apparent Threat status	Floodcast_Dewberry	"http://54.225.76.222/geoserver/Dewberry/wms?service=WMS&version=1.1.0&request=GetMap&layers=Dewberry:ELFIE_MAJOR_TX_RDS&styles=&bbox=-1.06283664329E7,3472306.523599997,-1.0626203496E7,3474471.4833000004&width=767&height=768&srs=EPSG:3857&format=image%2Fjpeg"	NA
TX_MAJ_135	https://opengeospatial.github.io/ELFIE/floodcast/TransportationAssets	1128985_LOCAL STREETS	This is route ID 1128985 with No Apparent Threat status	Floodcast_Dewberry	"http://54.225.76.222/geoserver/Dewberry/wms?service=WMS&version=1.1.0&request=GetMap&layers=Dewberry:ELFIE_MAJOR_TX_RDS&styles=&bbox=-1.06283664329E7,3472306.523599997,-1.0626203496E7,3474471.4833000004&width=767&height=768&srs=EPSG:3857&format=image%2Fjpeg"	NA
TX_MAJ_136	https://opengeospatial.github.io/ELFIE/floodcast/TransportationAssets	257074_FUNCTIONALLY CLASSIFIED CITY STREETS	This is route ID 257074 with No Apparent Threat status	Floodcast_Dewberry	"http://54.225.76.222/geoserver/Dewberry/wms?service=WMS&version=1.1.0&request=GetMap&layers=Dewberry:ELFIE_MAJOR_TX_RDS&styles=&bbox=-1.06283664329E7,3472306.523599997,-1.0626203496E7,3474471.4833000004&width=767&height=768&srs=EPSG:3857&format=image%2Fjpeg"	NA
TX_MAJ_137	https://opengeospatial.github.io/ELFIE/floodcast/TransportationAssets	1130467_LOCAL STREETS	This is route ID 1130467 with No Apparent Threat status	Floodcast_Dewberry	"http://54.225.76.222/geoserver/Dewberry/wms?service=WMS&version=1.1.0&request=GetMap&layers=Dewberry:ELFIE_MAJOR_TX_RDS&styles=&bbox=-1.06283664329E7,3472306.523599997,-1.0626203496E7,3474471.4833000004&width=767&height=768&srs=EPSG:3857&format=image%2Fjpeg"	NA
TX_MAJ_138	https://opengeospatial.github.io/ELFIE/floodcast/TransportationAssets	1128169_LOCAL STREETS	This is route ID 1128169 with No Apparent Threat status	Floodcast_Dewberry	"http://54.225.76.222/geoserver/Dewberry/wms?service=WMS&version=1.1.0&request=GetMap&layers=Dewberry:ELFIE_MAJOR_TX_RDS&styles=&bbox=-1.06283664329E7,3472306.523599997,-1.0626203496E7,3474471.4833000004&width=767&height=768&srs=EPSG:3857&format=image%2Fjpeg"	NA
TX_MAJ_139	https://opengeospatial.github.io/ELFIE/floodcast/TransportationAssets	257397_FUNCTIONALLY CLASSIFIED CITY STREETS	This is route ID 257397 with No Apparent Threat status	Floodcast_Dewberry	"http://54.225.76.222/geoserver/Dewberry/wms?service=WMS&version=1.1.0&request=GetMap&layers=Dewberry:ELFIE_MAJOR_TX_RDS&styles=&bbox=-1.06283664329E7,3472306.523599997,-1.0626203496E7,3474471.4833000004&width=767&height=768&srs=EPSG:3857&format=image%2Fjpeg"	NA
TX_MAJ_140	https://opengeospatial.github.io/ELFIE/floodcast/TransportationAssets	257397_FUNCTIONALLY CLASSIFIED CITY STREETS	This is route ID 257397 with No Apparent Threat status	Floodcast_Dewberry	"http://54.225.76.222/geoserver/Dewberry/wms?service=WMS&version=1.1.0&request=GetMap&layers=Dewberry:ELFIE_MAJOR_TX_RDS&styles=&bbox=-1.06283664329E7,3472306.523599997,-1.0626203496E7,3474471.4833000004&width=767&height=768&srs=EPSG:3857&format=image%2Fjpeg"	NA
TX_MAJ_141	https://opengeospatial.github.io/ELFIE/floodcast/TransportationAssets	1131560_LOCAL STREETS	This is route ID 1131560 with No Apparent Threat status	Floodcast_Dewberry	"http://54.225.76.222/geoserver/Dewberry/wms?service=WMS&version=1.1.0&request=GetMap&layers=Dewberry:ELFIE_MAJOR_TX_RDS&styles=&bbox=-1.06283664329E7,3472306.523599997,-1.0626203496E7,3474471.4833000004&width=767&height=768&srs=EPSG:3857&format=image%2Fjpeg"	NA
TX_MAJ_142	https://opengeospatial.github.io/ELFIE/floodcast/TransportationAssets	1122772_LOCAL STREETS	This is route ID 1122772 with No Apparent Threat status	Floodcast_Dewberry	"http://54.225.76.222/geoserver/Dewberry/wms?service=WMS&version=1.1.0&request=GetMap&layers=Dewberry:ELFIE_MAJOR_TX_RDS&styles=&bbox=-1.06283664329E7,3472306.523599997,-1.0626203496E7,3474471.4833000004&width=767&height=768&srs=EPSG:3857&format=image%2Fjpeg"	NA
TX_MAJ_143	https://opengeospatial.github.io/ELFIE/floodcast/TransportationAssets	257397_FUNCTIONALLY CLASSIFIED CITY STREETS	This is route ID 257397 with No Apparent Threat status	Floodcast_Dewberry	"http://54.225.76.222/geoserver/Dewberry/wms?service=WMS&version=1.1.0&request=GetMap&layers=Dewberry:ELFIE_MAJOR_TX_RDS&styles=&bbox=-1.06283664329E7,3472306.523599997,-1.0626203496E7,3474471.4833000004&width=767&height=768&srs=EPSG:3857&format=image%2Fjpeg"	NA
TX_MAJ_144	https://opengeospatial.github.io/ELFIE/floodcast/TransportationAssets	257397_FUNCTIONALLY CLASSIFIED CITY STREETS	This is route ID 257397 with No Apparent Threat status	Floodcast_Dewberry	"http://54.225.76.222/geoserver/Dewberry/wms?service=WMS&version=1.1.0&request=GetMap&layers=Dewberry:ELFIE_MAJOR_TX_RDS&styles=&bbox=-1.06283664329E7,3472306.523599997,-1.0626203496E7,3474471.4833000004&width=767&height=768&srs=EPSG:3857&format=image%2Fjpeg"	NA
TX_MAJ_145	https://opengeospatial.github.io/ELFIE/floodcast/TransportationAssets	1129383_LOCAL STREETS	This is route ID 1129383 with No Apparent Threat status	Floodcast_Dewberry	"http://54.225.76.222/geoserver/Dewberry/wms?service=WMS&version=1.1.0&request=GetMap&layers=Dewberry:ELFIE_MAJOR_TX_RDS&styles=&bbox=-1.06283664329E7,3472306.523599997,-1.0626203496E7,3474471.4833000004&width=767&height=768&srs=EPSG:3857&format=image%2Fjpeg"	NA
TX_MAJ_146	https://opengeospatial.github.io/ELFIE/floodcast/TransportationAssets	1128169_LOCAL STREETS	This is route ID 1128169 with No Apparent Threat status	Floodcast_Dewberry	"http://54.225.76.222/geoserver/Dewberry/wms?service=WMS&version=1.1.0&request=GetMap&layers=Dewberry:ELFIE_MAJOR_TX_RDS&styles=&bbox=-1.06283664329E7,3472306.523599997,-1.0626203496E7,3474471.4833000004&width=767&height=768&srs=EPSG:3857&format=image%2Fjpeg"	NA
TX_MAJ_147	https://opengeospatial.github.io/ELFIE/floodcast/TransportationAssets	1128150_LOCAL STREETS	This is route ID 1128150 with No Apparent Threat status	Floodcast_Dewberry	"http://54.225.76.222/geoserver/Dewberry/wms?service=WMS&version=1.1.0&request=GetMap&layers=Dewberry:ELFIE_MAJOR_TX_RDS&styles=&bbox=-1.06283664329E7,3472306.523599997,-1.0626203496E7,3474471.4833000004&width=767&height=768&srs=EPSG:3857&format=image%2Fjpeg"	NA
TX_MAJ_148	https://opengeospatial.github.io/ELFIE/floodcast/TransportationAssets	1132397_LOCAL STREETS	This is route ID 1132397 with No Apparent Threat status	Floodcast_Dewberry	"http://54.225.76.222/geoserver/Dewberry/wms?service=WMS&version=1.1.0&request=GetMap&layers=Dewberry:ELFIE_MAJOR_TX_RDS&styles=&bbox=-1.06283664329E7,3472306.523599997,-1.0626203496E7,3474471.4833000004&width=767&height=768&srs=EPSG:3857&format=image%2Fjpeg"	NA
TX_MAJ_149	https://opengeospatial.github.io/ELFIE/floodcast/TransportationAssets	1122772_LOCAL STREETS	This is route ID 1122772 with No Apparent Threat status	Floodcast_Dewberry	"http://54.225.76.222/geoserver/Dewberry/wms?service=WMS&version=1.1.0&request=GetMap&layers=Dewberry:ELFIE_MAJOR_TX_RDS&styles=&bbox=-1.06283664329E7,3472306.523599997,-1.0626203496E7,3474471.4833000004&width=767&height=768&srs=EPSG:3857&format=image%2Fjpeg"	NA
TX_MAJ_150	https://opengeospatial.github.io/ELFIE/floodcast/TransportationAssets	1120949_LOCAL STREETS	This is route ID 1120949 with No Apparent Threat status	Floodcast_Dewberry	"http://54.225.76.222/geoserver/Dewberry/wms?service=WMS&version=1.1.0&request=GetMap&layers=Dewberry:ELFIE_MAJOR_TX_RDS&styles=&bbox=-1.06283664329E7,3472306.523599997,-1.0626203496E7,3474471.4833000004&width=767&height=768&srs=EPSG:3857&format=image%2Fjpeg"	NA
TX_MAJ_151	https://opengeospatial.github.io/ELFIE/floodcast/TransportationAssets	1129383_LOCAL STREETS	This is route ID 1129383 with No Apparent Threat status	Floodcast_Dewberry	"http://54.225.76.222/geoserver/Dewberry/wms?service=WMS&version=1.1.0&request=GetMap&layers=Dewberry:ELFIE_MAJOR_TX_RDS&styles=&bbox=-1.06283664329E7,3472306.523599997,-1.0626203496E7,3474471.4833000004&width=767&height=768&srs=EPSG:3857&format=image%2Fjpeg"	NA
TX_MAJ_152	https://opengeospatial.github.io/ELFIE/floodcast/TransportationAssets	1128169_LOCAL STREETS	This is route ID 1128169 with No Apparent Threat status	Floodcast_Dewberry	"http://54.225.76.222/geoserver/Dewberry/wms?service=WMS&version=1.1.0&request=GetMap&layers=Dewberry:ELFIE_MAJOR_TX_RDS&styles=&bbox=-1.06283664329E7,3472306.523599997,-1.0626203496E7,3474471.4833000004&width=767&height=768&srs=EPSG:3857&format=image%2Fjpeg"	NA
TX_MAJ_153	https://opengeospatial.github.io/ELFIE/floodcast/TransportationAssets	1124141_LOCAL STREETS	This is route ID 1124141 with No Apparent Threat status	Floodcast_Dewberry	"http://54.225.76.222/geoserver/Dewberry/wms?service=WMS&version=1.1.0&request=GetMap&layers=Dewberry:ELFIE_MAJOR_TX_RDS&styles=&bbox=-1.06283664329E7,3472306.523599997,-1.0626203496E7,3474471.4833000004&width=767&height=768&srs=EPSG:3857&format=image%2Fjpeg"	NA
TX_MAJ_154	https://opengeospatial.github.io/ELFIE/floodcast/TransportationAssets	1129383_LOCAL STREETS	This is route ID 1129383 with No Apparent Threat status	Floodcast_Dewberry	"http://54.225.76.222/geoserver/Dewberry/wms?service=WMS&version=1.1.0&request=GetMap&layers=Dewberry:ELFIE_MAJOR_TX_RDS&styles=&bbox=-1.06283664329E7,3472306.523599997,-1.0626203496E7,3474471.4833000004&width=767&height=768&srs=EPSG:3857&format=image%2Fjpeg"	NA
TX_MAJ_155	https://opengeospatial.github.io/ELFIE/floodcast/TransportationAssets	1131560_LOCAL STREETS	This is route ID 1131560 with No Apparent Threat status	Floodcast_Dewberry	"http://54.225.76.222/geoserver/Dewberry/wms?service=WMS&version=1.1.0&request=GetMap&layers=Dewberry:ELFIE_MAJOR_TX_RDS&styles=&bbox=-1.06283664329E7,3472306.523599997,-1.0626203496E7,3474471.4833000004&width=767&height=768&srs=EPSG:3857&format=image%2Fjpeg"	NA
TX_MAJ_156	https://opengeospatial.github.io/ELFIE/floodcast/TransportationAssets	1122772_LOCAL STREETS	This is route ID 1122772 with No Apparent Threat status	Floodcast_Dewberry	"http://54.225.76.222/geoserver/Dewberry/wms?service=WMS&version=1.1.0&request=GetMap&layers=Dewberry:ELFIE_MAJOR_TX_RDS&styles=&bbox=-1.06283664329E7,3472306.523599997,-1.0626203496E7,3474471.4833000004&width=767&height=768&srs=EPSG:3857&format=image%2Fjpeg"	NA
TX_MAJ_157	https://opengeospatial.github.io/ELFIE/floodcast/TransportationAssets	1261048_LOCAL STREETS	This is route ID 1261048 with No Apparent Threat status	Floodcast_Dewberry	"http://54.225.76.222/geoserver/Dewberry/wms?service=WMS&version=1.1.0&request=GetMap&layers=Dewberry:ELFIE_MAJOR_TX_RDS&styles=&bbox=-1.06283664329E7,3472306.523599997,-1.0626203496E7,3474471.4833000004&width=767&height=768&srs=EPSG:3857&format=image%2Fjpeg"	NA
TX_MAJ_158	https://opengeospatial.github.io/ELFIE/floodcast/TransportationAssets	1131560_LOCAL STREETS	This is route ID 1131560 with No Apparent Threat status	Floodcast_Dewberry	"http://54.225.76.222/geoserver/Dewberry/wms?service=WMS&version=1.1.0&request=GetMap&layers=Dewberry:ELFIE_MAJOR_TX_RDS&styles=&bbox=-1.06283664329E7,3472306.523599997,-1.0626203496E7,3474471.4833000004&width=767&height=768&srs=EPSG:3857&format=image%2Fjpeg"	NA
TX_MAJ_159	https://opengeospatial.github.io/ELFIE/floodcast/TransportationAssets	1122772_LOCAL STREETS	This is route ID 1122772 with No Apparent Threat status	Floodcast_Dewberry	"http://54.225.76.222/geoserver/Dewberry/wms?service=WMS&version=1.1.0&request=GetMap&layers=Dewberry:ELFIE_MAJOR_TX_RDS&styles=&bbox=-1.06283664329E7,3472306.523599997,-1.0626203496E7,3474471.4833000004&width=767&height=768&srs=EPSG:3857&format=image%2Fjpeg"	NA
TX_MAJ_160	https://opengeospatial.github.io/ELFIE/floodcast/TransportationAssets	1128169_LOCAL STREETS	This is route ID 1128169 with No Apparent Threat status	Floodcast_Dewberry	"http://54.225.76.222/geoserver/Dewberry/wms?service=WMS&version=1.1.0&request=GetMap&layers=Dewberry:ELFIE_MAJOR_TX_RDS&styles=&bbox=-1.06283664329E7,3472306.523599997,-1.0626203496E7,3474471.4833000004&width=767&height=768&srs=EPSG:3857&format=image%2Fjpeg"	NA
TX_MAJ_161	https://opengeospatial.github.io/ELFIE/floodcast/TransportationAssets	1120236_LOCAL STREETS	This is route ID 1120236 with No Apparent Threat status	Floodcast_Dewberry	"http://54.225.76.222/geoserver/Dewberry/wms?service=WMS&version=1.1.0&request=GetMap&layers=Dewberry:ELFIE_MAJOR_TX_RDS&styles=&bbox=-1.06283664329E7,3472306.523599997,-1.0626203496E7,3474471.4833000004&width=767&height=768&srs=EPSG:3857&format=image%2Fjpeg"	NA
TX_MAJ_162	https://opengeospatial.github.io/ELFIE/floodcast/TransportationAssets	1120236_LOCAL STREETS	This is route ID 1120236 with No Apparent Threat status	Floodcast_Dewberry	"http://54.225.76.222/geoserver/Dewberry/wms?service=WMS&version=1.1.0&request=GetMap&layers=Dewberry:ELFIE_MAJOR_TX_RDS&styles=&bbox=-1.06283664329E7,3472306.523599997,-1.0626203496E7,3474471.4833000004&width=767&height=768&srs=EPSG:3857&format=image%2Fjpeg"	NA
TX_MAJ_163	https://opengeospatial.github.io/ELFIE/floodcast/TransportationAssets	1128169_LOCAL STREETS	This is route ID 1128169 with No Apparent Threat status	Floodcast_Dewberry	"http://54.225.76.222/geoserver/Dewberry/wms?service=WMS&version=1.1.0&request=GetMap&layers=Dewberry:ELFIE_MAJOR_TX_RDS&styles=&bbox=-1.06283664329E7,3472306.523599997,-1.0626203496E7,3474471.4833000004&width=767&height=768&srs=EPSG:3857&format=image%2Fjpeg"	NA
TX_MAJ_164	https://opengeospatial.github.io/ELFIE/floodcast/TransportationAssets	1129786_LOCAL STREETS	This is route ID 1129786 with No Apparent Threat status	Floodcast_Dewberry	"http://54.225.76.222/geoserver/Dewberry/wms?service=WMS&version=1.1.0&request=GetMap&layers=Dewberry:ELFIE_MAJOR_TX_RDS&styles=&bbox=-1.06283664329E7,3472306.523599997,-1.0626203496E7,3474471.4833000004&width=767&height=768&srs=EPSG:3857&format=image%2Fjpeg"	NA
TX_MAJ_165	https://opengeospatial.github.io/ELFIE/floodcast/TransportationAssets	1126430_LOCAL STREETS	This is route ID 1126430 with No Apparent Threat status	Floodcast_Dewberry	"http://54.225.76.222/geoserver/Dewberry/wms?service=WMS&version=1.1.0&request=GetMap&layers=Dewberry:ELFIE_MAJOR_TX_RDS&styles=&bbox=-1.06283664329E7,3472306.523599997,-1.0626203496E7,3474471.4833000004&width=767&height=768&srs=EPSG:3857&format=image%2Fjpeg"	NA
TX_MAJ_166	https://opengeospatial.github.io/ELFIE/floodcast/TransportationAssets	1129563_LOCAL STREETS	This is route ID 1129563 with No Apparent Threat status	Floodcast_Dewberry	"http://54.225.76.222/geoserver/Dewberry/wms?service=WMS&version=1.1.0&request=GetMap&layers=Dewberry:ELFIE_MAJOR_TX_RDS&styles=&bbox=-1.06283664329E7,3472306.523599997,-1.0626203496E7,3474471.4833000004&width=767&height=768&srs=EPSG:3857&format=image%2Fjpeg"	NA
TX_MAJ_167	https://opengeospatial.github.io/ELFIE/floodcast/TransportationAssets	1122772_LOCAL STREETS	This is route ID 1122772 with No Apparent Threat status	Floodcast_Dewberry	"http://54.225.76.222/geoserver/Dewberry/wms?service=WMS&version=1.1.0&request=GetMap&layers=Dewberry:ELFIE_MAJOR_TX_RDS&styles=&bbox=-1.06283664329E7,3472306.523599997,-1.0626203496E7,3474471.4833000004&width=767&height=768&srs=EPSG:3857&format=image%2Fjpeg"	NA
TX_MAJ_168	https://opengeospatial.github.io/ELFIE/floodcast/TransportationAssets	256963_FUNCTIONALLY CLASSIFIED CITY STREETS	This is route ID 256963 with No Apparent Threat status	Floodcast_Dewberry	"http://54.225.76.222/geoserver/Dewberry/wms?service=WMS&version=1.1.0&request=GetMap&layers=Dewberry:ELFIE_MAJOR_TX_RDS&styles=&bbox=-1.06283664329E7,3472306.523599997,-1.0626203496E7,3474471.4833000004&width=767&height=768&srs=EPSG:3857&format=image%2Fjpeg"	NA
TX_MAJ_169	https://opengeospatial.github.io/ELFIE/floodcast/TransportationAssets	1127928_LOCAL STREETS	This is route ID 1127928 with No Apparent Threat status	Floodcast_Dewberry	"http://54.225.76.222/geoserver/Dewberry/wms?service=WMS&version=1.1.0&request=GetMap&layers=Dewberry:ELFIE_MAJOR_TX_RDS&styles=&bbox=-1.06283664329E7,3472306.523599997,-1.0626203496E7,3474471.4833000004&width=767&height=768&srs=EPSG:3857&format=image%2Fjpeg"	NA
TX_MAJ_170	https://opengeospatial.github.io/ELFIE/floodcast/TransportationAssets	1127928_LOCAL STREETS	This is route ID 1127928 with No Apparent Threat status	Floodcast_Dewberry	"http://54.225.76.222/geoserver/Dewberry/wms?service=WMS&version=1.1.0&request=GetMap&layers=Dewberry:ELFIE_MAJOR_TX_RDS&styles=&bbox=-1.06283664329E7,3472306.523599997,-1.0626203496E7,3474471.4833000004&width=767&height=768&srs=EPSG:3857&format=image%2Fjpeg"	NA
TX_MAJ_171	https://opengeospatial.github.io/ELFIE/floodcast/TransportationAssets	1130282_LOCAL STREETS	This is route ID 1130282 with No Apparent Threat status	Floodcast_Dewberry	"http://54.225.76.222/geoserver/Dewberry/wms?service=WMS&version=1.1.0&request=GetMap&layers=Dewberry:ELFIE_MAJOR_TX_RDS&styles=&bbox=-1.06283664329E7,3472306.523599997,-1.0626203496E7,3474471.4833000004&width=767&height=768&srs=EPSG:3857&format=image%2Fjpeg"	NA
TX_MAJ_172	https://opengeospatial.github.io/ELFIE/floodcast/TransportationAssets	1130284_LOCAL STREETS	This is route ID 1130284 with No Apparent Threat status	Floodcast_Dewberry	"http://54.225.76.222/geoserver/Dewberry/wms?service=WMS&version=1.1.0&request=GetMap&layers=Dewberry:ELFIE_MAJOR_TX_RDS&styles=&bbox=-1.06283664329E7,3472306.523599997,-1.0626203496E7,3474471.4833000004&width=767&height=768&srs=EPSG:3857&format=image%2Fjpeg"	NA
TX_MAJ_173	https://opengeospatial.github.io/ELFIE/floodcast/TransportationAssets	1130282_LOCAL STREETS	This is route ID 1130282 with No Apparent Threat status	Floodcast_Dewberry	"http://54.225.76.222/geoserver/Dewberry/wms?service=WMS&version=1.1.0&request=GetMap&layers=Dewberry:ELFIE_MAJOR_TX_RDS&styles=&bbox=-1.06283664329E7,3472306.523599997,-1.0626203496E7,3474471.4833000004&width=767&height=768&srs=EPSG:3857&format=image%2Fjpeg"	NA
TX_MAJ_174	https://opengeospatial.github.io/ELFIE/floodcast/TransportationAssets	1263089_LOCAL STREETS	This is route ID 1263089 with No Apparent Threat status	Floodcast_Dewberry	"http://54.225.76.222/geoserver/Dewberry/wms?service=WMS&version=1.1.0&request=GetMap&layers=Dewberry:ELFIE_MAJOR_TX_RDS&styles=&bbox=-1.06283664329E7,3472306.523599997,-1.0626203496E7,3474471.4833000004&width=767&height=768&srs=EPSG:3857&format=image%2Fjpeg"	NA
TX_MAJ_175	https://opengeospatial.github.io/ELFIE/floodcast/TransportationAssets	1130282_LOCAL STREETS	This is route ID 1130282 with No Apparent Threat status	Floodcast_Dewberry	"http://54.225.76.222/geoserver/Dewberry/wms?service=WMS&version=1.1.0&request=GetMap&layers=Dewberry:ELFIE_MAJOR_TX_RDS&styles=&bbox=-1.06283664329E7,3472306.523599997,-1.0626203496E7,3474471.4833000004&width=767&height=768&srs=EPSG:3857&format=image%2Fjpeg"	NA
TX_MAJ_176	https://opengeospatial.github.io/ELFIE/floodcast/TransportationAssets	1130287_LOCAL STREETS	This is route ID 1130287 with No Apparent Threat status	Floodcast_Dewberry	"http://54.225.76.222/geoserver/Dewberry/wms?service=WMS&version=1.1.0&request=GetMap&layers=Dewberry:ELFIE_MAJOR_TX_RDS&styles=&bbox=-1.06283664329E7,3472306.523599997,-1.0626203496E7,3474471.4833000004&width=767&height=768&srs=EPSG:3857&format=image%2Fjpeg"	NA
TX_MAJ_177	https://opengeospatial.github.io/ELFIE/floodcast/TransportationAssets	1130282_LOCAL STREETS	This is route ID 1130282 with No Apparent Threat status	Floodcast_Dewberry	"http://54.225.76.222/geoserver/Dewberry/wms?service=WMS&version=1.1.0&request=GetMap&layers=Dewberry:ELFIE_MAJOR_TX_RDS&styles=&bbox=-1.06283664329E7,3472306.523599997,-1.0626203496E7,3474471.4833000004&width=767&height=768&srs=EPSG:3857&format=image%2Fjpeg"	NA
TX_MAJ_178	https://opengeospatial.github.io/ELFIE/floodcast/TransportationAssets	256963_FUNCTIONALLY CLASSIFIED CITY STREETS	This is route ID 256963 with No Apparent Threat status	Floodcast_Dewberry	"http://54.225.76.222/geoserver/Dewberry/wms?service=WMS&version=1.1.0&request=GetMap&layers=Dewberry:ELFIE_MAJOR_TX_RDS&styles=&bbox=-1.06283664329E7,3472306.523599997,-1.0626203496E7,3474471.4833000004&width=767&height=768&srs=EPSG:3857&format=image%2Fjpeg"	NA
TX_MAJ_179	https://opengeospatial.github.io/ELFIE/floodcast/TransportationAssets	1122118_LOCAL STREETS	This is route ID 1122118 with No Apparent Threat status	Floodcast_Dewberry	"http://54.225.76.222/geoserver/Dewberry/wms?service=WMS&version=1.1.0&request=GetMap&layers=Dewberry:ELFIE_MAJOR_TX_RDS&styles=&bbox=-1.06283664329E7,3472306.523599997,-1.0626203496E7,3474471.4833000004&width=767&height=768&srs=EPSG:3857&format=image%2Fjpeg"	NA
TX_MAJ_180	https://opengeospatial.github.io/ELFIE/floodcast/TransportationAssets	1122118_LOCAL STREETS	This is route ID 1122118 with No Apparent Threat status	Floodcast_Dewberry	"http://54.225.76.222/geoserver/Dewberry/wms?service=WMS&version=1.1.0&request=GetMap&layers=Dewberry:ELFIE_MAJOR_TX_RDS&styles=&bbox=-1.06283664329E7,3472306.523599997,-1.0626203496E7,3474471.4833000004&width=767&height=768&srs=EPSG:3857&format=image%2Fjpeg"	NA
TX_MAJ_181	https://opengeospatial.github.io/ELFIE/floodcast/TransportationAssets	1122118_LOCAL STREETS	This is route ID 1122118 with No Apparent Threat status	Floodcast_Dewberry	"http://54.225.76.222/geoserver/Dewberry/wms?service=WMS&version=1.1.0&request=GetMap&layers=Dewberry:ELFIE_MAJOR_TX_RDS&styles=&bbox=-1.06283664329E7,3472306.523599997,-1.0626203496E7,3474471.4833000004&width=767&height=768&srs=EPSG:3857&format=image%2Fjpeg"	NA
TX_MAJ_182	https://opengeospatial.github.io/ELFIE/floodcast/TransportationAssets	1122118_LOCAL STREETS	This is route ID 1122118 with No Apparent Threat status	Floodcast_Dewberry	"http://54.225.76.222/geoserver/Dewberry/wms?service=WMS&version=1.1.0&request=GetMap&layers=Dewberry:ELFIE_MAJOR_TX_RDS&styles=&bbox=-1.06283664329E7,3472306.523599997,-1.0626203496E7,3474471.4833000004&width=767&height=768&srs=EPSG:3857&format=image%2Fjpeg"	NA
TX_MAJ_183	https://opengeospatial.github.io/ELFIE/floodcast/TransportationAssets	1130287_LOCAL STREETS	This is route ID 1130287 with No Apparent Threat status	Floodcast_Dewberry	"http://54.225.76.222/geoserver/Dewberry/wms?service=WMS&version=1.1.0&request=GetMap&layers=Dewberry:ELFIE_MAJOR_TX_RDS&styles=&bbox=-1.06283664329E7,3472306.523599997,-1.0626203496E7,3474471.4833000004&width=767&height=768&srs=EPSG:3857&format=image%2Fjpeg"	NA
TX_MAJ_184	https://opengeospatial.github.io/ELFIE/floodcast/TransportationAssets	1122118_LOCAL STREETS	This is route ID 1122118 with No Apparent Threat status	Floodcast_Dewberry	"http://54.225.76.222/geoserver/Dewberry/wms?service=WMS&version=1.1.0&request=GetMap&layers=Dewberry:ELFIE_MAJOR_TX_RDS&styles=&bbox=-1.06283664329E7,3472306.523599997,-1.0626203496E7,3474471.4833000004&width=767&height=768&srs=EPSG:3857&format=image%2Fjpeg"	NA
TX_MAJ_185	https://opengeospatial.github.io/ELFIE/floodcast/TransportationAssets	1129370_LOCAL STREETS	This is route ID 1129370 with No Apparent Threat status	Floodcast_Dewberry	"http://54.225.76.222/geoserver/Dewberry/wms?service=WMS&version=1.1.0&request=GetMap&layers=Dewberry:ELFIE_MAJOR_TX_RDS&styles=&bbox=-1.06283664329E7,3472306.523599997,-1.0626203496E7,3474471.4833000004&width=767&height=768&srs=EPSG:3857&format=image%2Fjpeg"	NA
TX_MAJ_186	https://opengeospatial.github.io/ELFIE/floodcast/TransportationAssets	1123694_LOCAL STREETS	This is route ID 1123694 with No Apparent Threat status	Floodcast_Dewberry	"http://54.225.76.222/geoserver/Dewberry/wms?service=WMS&version=1.1.0&request=GetMap&layers=Dewberry:ELFIE_MAJOR_TX_RDS&styles=&bbox=-1.06283664329E7,3472306.523599997,-1.0626203496E7,3474471.4833000004&width=767&height=768&srs=EPSG:3857&format=image%2Fjpeg"	NA
TX_MAJ_187	https://opengeospatial.github.io/ELFIE/floodcast/TransportationAssets	1126109_LOCAL STREETS	This is route ID 1126109 with No Apparent Threat status	Floodcast_Dewberry	"http://54.225.76.222/geoserver/Dewberry/wms?service=WMS&version=1.1.0&request=GetMap&layers=Dewberry:ELFIE_MAJOR_TX_RDS&styles=&bbox=-1.06283664329E7,3472306.523599997,-1.0626203496E7,3474471.4833000004&width=767&height=768&srs=EPSG:3857&format=image%2Fjpeg"	NA
TX_MAJ_188	https://opengeospatial.github.io/ELFIE/floodcast/TransportationAssets	1130287_LOCAL STREETS	This is route ID 1130287 with No Apparent Threat status	Floodcast_Dewberry	"http://54.225.76.222/geoserver/Dewberry/wms?service=WMS&version=1.1.0&request=GetMap&layers=Dewberry:ELFIE_MAJOR_TX_RDS&styles=&bbox=-1.06283664329E7,3472306.523599997,-1.0626203496E7,3474471.4833000004&width=767&height=768&srs=EPSG:3857&format=image%2Fjpeg"	NA
TX_MAJ_189	https://opengeospatial.github.io/ELFIE/floodcast/TransportationAssets	1130287_LOCAL STREETS	This is route ID 1130287 with No Apparent Threat status	Floodcast_Dewberry	"http://54.225.76.222/geoserver/Dewberry/wms?service=WMS&version=1.1.0&request=GetMap&layers=Dewberry:ELFIE_MAJOR_TX_RDS&styles=&bbox=-1.06283664329E7,3472306.523599997,-1.0626203496E7,3474471.4833000004&width=767&height=768&srs=EPSG:3857&format=image%2Fjpeg"	NA
TX_MAJ_190	https://opengeospatial.github.io/ELFIE/floodcast/TransportationAssets	256787_FUNCTIONALLY CLASSIFIED CITY STREETS	This is route ID 256787 with No Apparent Threat status	Floodcast_Dewberry	"http://54.225.76.222/geoserver/Dewberry/wms?service=WMS&version=1.1.0&request=GetMap&layers=Dewberry:ELFIE_MAJOR_TX_RDS&styles=&bbox=-1.06283664329E7,3472306.523599997,-1.0626203496E7,3474471.4833000004&width=767&height=768&srs=EPSG:3857&format=image%2Fjpeg"	NA
TX_MAJ_191	https://opengeospatial.github.io/ELFIE/floodcast/TransportationAssets	256963_FUNCTIONALLY CLASSIFIED CITY STREETS	This is route ID 256963 with No Apparent Threat status	Floodcast_Dewberry	"http://54.225.76.222/geoserver/Dewberry/wms?service=WMS&version=1.1.0&request=GetMap&layers=Dewberry:ELFIE_MAJOR_TX_RDS&styles=&bbox=-1.06283664329E7,3472306.523599997,-1.0626203496E7,3474471.4833000004&width=767&height=768&srs=EPSG:3857&format=image%2Fjpeg"	NA
TX_MAJ_192	https://opengeospatial.github.io/ELFIE/floodcast/TransportationAssets	256787_FUNCTIONALLY CLASSIFIED CITY STREETS	This is route ID 256787 with No Apparent Threat status	Floodcast_Dewberry	"http://54.225.76.222/geoserver/Dewberry/wms?service=WMS&version=1.1.0&request=GetMap&layers=Dewberry:ELFIE_MAJOR_TX_RDS&styles=&bbox=-1.06283664329E7,3472306.523599997,-1.0626203496E7,3474471.4833000004&width=767&height=768&srs=EPSG:3857&format=image%2Fjpeg"	NA
TX_MAJ_193	https://opengeospatial.github.io/ELFIE/floodcast/TransportationAssets	256787_FUNCTIONALLY CLASSIFIED CITY STREETS	This is route ID 256787 with No Apparent Threat status	Floodcast_Dewberry	"http://54.225.76.222/geoserver/Dewberry/wms?service=WMS&version=1.1.0&request=GetMap&layers=Dewberry:ELFIE_MAJOR_TX_RDS&styles=&bbox=-1.06283664329E7,3472306.523599997,-1.0626203496E7,3474471.4833000004&width=767&height=768&srs=EPSG:3857&format=image%2Fjpeg"	NA
TX_MAJ_194	https://opengeospatial.github.io/ELFIE/floodcast/TransportationAssets	1128187_LOCAL STREETS	This is route ID 1128187 with No Apparent Threat status	Floodcast_Dewberry	"http://54.225.76.222/geoserver/Dewberry/wms?service=WMS&version=1.1.0&request=GetMap&layers=Dewberry:ELFIE_MAJOR_TX_RDS&styles=&bbox=-1.06283664329E7,3472306.523599997,-1.0626203496E7,3474471.4833000004&width=767&height=768&srs=EPSG:3857&format=image%2Fjpeg"	NA
